TableName,Exists
RECIPE_MODIFY,True
FISCAL_YR,True
CLEAN_INSP_INSP_RESULTS,True
REACTOR_GAS_SRC,True
WO_MAT_INV_WH,True
FISCAL_YR_FISCAL_QTR,True
RECIPE_REACTOR,True
CALIBRATION,True
CLEAN_INSP_SCAN_RESULTS,True
COMPANY_PHONES,True
PROD_SPEC_PART_NUMS,True
EpiPart,True
HOTH2O2_LOG,True
RECIPE_RMOD,True
CALIB_LIST,True
COMPANY_INTL_PHONES,True
REACTOR_ESCALATION,True
FISCAL_QTR_TARGETS,True
PROD_SPEC_QUOTES,True
RECIPE,True
sysdiagrams,False
RDS,True
CLEAN_INSP_INSP_VER_SIG,True
COMPANY_ADDRESS_LINES,True
REACTOR_ESC_START_DTM,True
MEG_LOG,True
PROD_SPEC_RATIOS,True
WO_MAT_SIG_PROFILE_AUDIT,True
WM_OUT_NCR_KEYS,True
COMPANY_BILL_TO_ADDRESS_LINES,True
WO_LOG_RX_BY,True
PROD_SPEC_SUB_PARTS,True
WM_OUT_MET_TEST,True
TOOL_TOOL_CLASS,True
COC_CASS_ID_SAP,True
CLEAN_INSP,True
COMPANY_SHIP_TO_ADDRESS_LINES,True
PROD_SPEC_EMAIL_NOTIF,True
WO_MAT_SLOT_NO,True
NCR_SLOTS,True
WO_MAT_MU_CASS_IDS_SAP,True
COMPANY_VREMIT_ADDR_LINES,True
PROD_SPEC_QUAL_REACTS,True
RDS_TEST_TW,True
GAN_THEO_CYCLE_TIME,True
PROD_SPEC_CUST_PART,True
WM_OUT_THICK_MIN_ALL,True
GAN_CYCLE_TIME_TMP,True
REACT_UTIL,True
PROD_SPEC_MOD_INFO,True
WO_MAT_NCR_KEYS,True
vw_ReacChangeKPI,True
vw_Cpk,True
RDS_TEST_STRESS,True
vw_Moves,True
WO_MAST_SCHED,True
WO_MAT_RDS_NO,True
REACT_STATUS_LOAD,True
WO_MAST_SCHED_WO_STEP_KEY,True
WO_MAT_WMI_SLOT_NO,True
WO_MAT_WMO_SLOT_NO,True
WM_OUT,True
TOOL,True
REACT_EVENT,True
TOOL_CURR_MODE_KEY,True
TUBE,True
WO_MAT_HOLD_HISTORY,True
NCR List,True
COC_CASS_SAP_BATCH_NOS,True
WM_OUT_HOLD_HISTORY,True
WO_MAT_CLEAN_INSP,True
CDM_LOG,True
TUBE_REACT_NO,True
REACT_RUN,True
NCR_PART_NUM,True
CUST_EPI_PART,True
CUST_EPI_PART_SUBSTRATE,True
NCR_LOT_NUM,True
WM_OUT_INV_WH,True
TW_CODES,True
CUST_EPI_PART_CUST_PART,True
REACT_RUN_UNLOAD,True
PROD_SPEC,True
WM_OUT_SLOT,True
CUST_EPI_PART_SPEC,True
REACT_RUN_POCKET,True
WO_LOG_CASS_NO,True
RDS_TEST,True
COMPANY_SHIPPER_INFO,True
WO_LOG_CUST_PART_NUMS,True
QUARTZ_TC_LOG,True
REACT_STATUS,True
COMPANY,True
WO_LOG_PART_STEP_NO,True
CUST_PART,True
COC_CARTON_DATA,True
QUARTZ_WAND_LOG,True
REACT_RUN_CI_STAGES,True
PROD_VER_SHIP_SUB_PART_NO,True
WO_LOG_RX_STAMP,True
COC_ORDER_ITEMS,True
CUST_PART_SPEC_DETAIL,True
WO_LOG_CASS_ID_SAP,True
vw_Ship,True
WO_LOG_REL_STAMP,True
COC_SHIPPING_DETAILS,True
RDS_LAYER_MODIFY_USER,True
WO_LOG_REACTOR_TYPES,True
REACTOR_LOG_ITEMS,True
EPI_PART,True
WO_LOG_CUST_LOT_NO,True
COC_TEST_REJ_WFRS,True
vw_HTR_UPHModel,False
EPI_PART_QUOTE_NO,True
WO_LOG_PS_TYPES,True
REACTOR_LOG,True
COC_TRACKING_DETAILS,True
EPI_PART_PROD_VER_NO,True
WO_LOG_WO_MAT_SAP_TOT_WFR_QTYS,True
WO_LOG_ORDER_ITEMS,True
REACT_EVENT_REACT_LOG_KEY,True
WO_LOG_PSN_SUB_PART_NO,True
EPI_PART_INACTIVE_PROD_VER_NO,True
WO_MAT_REP_STATUS,True
COC_RDS_DETAILS,True
REACT_EVENT_REACT_UTIL_KEY,True
CUSTOMER_NOTES,True
EPI_PART_SUB_BL_DOPANT,True
WO_MAT_REP_CURR_WFR_CNTS,True
WO_LOG_PROC_STEP,True
WO_LOG_ADD_CHG,True
NCR_AUDIT,True
REACT_EVENT_REACT_LOG_PD_KEY,True
CUSTOMER_CARRIERS,True
CALIB_LIST_ORG_NEXT_CAL_DT,True
REACT_TUBE,True
WO_MAT_REACTORS,True
WO_LOG_WO_STEP,True
WO_LOG_QUOTE_NO,True
RDS_TEST_MODIFY,True
NCR,True
CUSTOMER_INTL_PHONES,True
PROD_SPEC_MODE,True
REACTOR_PM,True
WO_LOG,True
REACT_TUBE_DETAIL,True
CUSTOMER_PHONES,True
EPI_PART_LAYER_SPEC,True
WO_LOG_SHIP_NO,True
RDS_LAYER,True
PROD_SPEC_REV,True
CUSTOMER_ADDR_LINES,True
COC_VISION_LOGS,True
EPI_PART_SUB_PART_NO,True
REACT_ITEMS,True
TOOL_ESC,True
COC_TECH_DATA_DTM,True
RDS_TEST_TW_USE,True
CUSTOMER,True
EPI_PART_CUST_EPI_PART_KEY,True
CLEAN_INSP_SPEC_CLEAN_TOOL,True
WO_STEP,True
RDS_TEST_SRP_PROFILE_PATH,True
TOOL_LOG,True
REACT_PROBS,True
REACT_EVENT_REACT_MODE_KEYS,True
WO_STEP_REACTORS,True
REACT_MODE,True
REACT_PROB_CAT,True
WO_STEP_SCHED_ID,True
COMPANY_SHIP_TO_CUST_NOS,True
PROD_VER,True
COC,True
WO_MAT_SHIP_HOLD_HISTORY,True
RDS_TEST_SPEC_CON,True
WO_WFR,True
REACT_MODE_SERV_INFO,True
WO_STEP_RDS_KEYS,True
COMPANY_CREDIT_INFO,True
PROD_VER_PROC_STEP_NO,True
WO_WFR_LOGS,True
REACT_READS,True
REACT_MODE_NON_PROD_DT,True
WO_MAT_MET_PROFILE,True
GAN_CYCLE_TIME,True
WO_STEP_RDS_CURR_STATUS,True
PROD_VER_SUB_PART_NO,True
RUN_STAGE_WFR,True
RDS_HOLD_INFO,True
CUST_PART_SHIP_EMAIL_NOTIF,True
WO_MAT_EPO_SLOT,True
REACT_SERVS,True
WO_STEP_WM_IN_KEYS,True
RDS_SURFSCAN_KEYS,True
RUN_STAGE_WFR_INV_ACTIONS,True
REACTOR_LOG_NOTES,False
REACT_SERV_CAT,True
WO_MAT,True
RDS_NCR_KEYS,True
CALIB_LIST_CAL_DT,True
WO_STEP_WM_OUT_KEYS,True
PM,True
REACT_SERV_CAT_REACT_SVC_KEY,True
PROD_VER_QUAL_REACTS,True
RDS_RDS_LAYER_KEYS,True
LOSS_CODES,True
SCHED_DET_NG,True
PM_HIST,True
WO_MAT_SIG_PROFILE,True
WO_STEP_BLOCKED_REACTORS,True
RDS_UNLOAD_MOD_ID,True
PROD_VER_BLOCKED_REACTS,True
RDS_TW_INFO,True
RUN_STAGE,True
NCR_RDS,True
COMPANY_NOTES,True
PROD_SPEC_SPEC_INFO,True
WM_IN,True
RDS_UNHOLD,True
RUN_STAGE_INV_ACTIONS,True
REACTOR,True
NCR_THICK_READS,True
RDS_POCKET,True
FISCAL_QTR,True
RUN_STAGE_SUSC_LOAD,True
RDS_PRE_EPI_SIG_INFO,True
FISCAL_QTR_PLAN_IDLE_DTS,True
NCR_RHO_READS,True
WM_IN_SIG_BLOCK,True
TW_USE_WAFER_IDS,True
RDS_LAYER_RDS_TEST_KEYS,True
RDS_MOD_INFO,True
REACTOR_MFC,True
RUN_STAGE_CARRIER,True
RECIPE_LIMIT,True
NCR_TREJ_CNTS,True
WM_IN_HOLD_HISTORY,True
RUN_STAGE_WFR_QIN_WFR_ID,True
TW_USE,True
RECIPE_LAYER,True
CLEAN_INSP_CLEAN_RESULTS,True
WM_IN_SLOT_NO,True
