TableName,ColumnName,Exists
RECIPE_MODIFY,SEQ,1, 0
RECIPE_MODIFY,MV_NO,1, 0
RECIPE_MODIFY,MOD_ID,1, 0
RECIPE_MODIFY,MOD_DATE,1, 0
FISCAL_YR,FISCAL_YR,1, 0
FISCAL_YR,START_DT,1, 0
CLEAN_INSP_INSP_RESULTS,CI_NO,1, 0
CLEAN_INSP_INSP_RESULTS,MV_NO,1, 0
CLEAN_INSP_INSP_RESULTS,INSP_LPD_IN,1, 0
CLEAN_INSP_INSP_RESULTS,INSP_LPD_OUT,1, 0
CLEAN_INSP_INSP_RESULTS,INSP_SCRATCHES,1, 0
CLEAN_INSP_INSP_RESULTS,INSP_SCRATCH_LEN,1, 0
CLEAN_INSP_INSP_RESULTS,INSP_PITS,1, 0
CLEAN_INSP_INSP_RESULTS,INSP_MOUNDS,1, 0
CLEAN_INSP_INSP_RESULTS,INSP_STACK_FAULTS,1, 0
CLEAN_INSP_INSP_RESULTS,INSP_SPIKES,1, 0
CLEAN_INSP_INSP_RESULTS,INSP_SPOTS,1, 0
CLEAN_INSP_INSP_RESULTS,INSP_FOV,1, 0
CLEAN_INSP_INSP_RESULTS,INSP_BL_DEFECTS,1, 0
CLEAN_INSP_INSP_RESULTS,INSP_SIG,1, 0
CLEAN_INSP_INSP_RESULTS,INSP_SIG_DTM,1, 0
CLEAN_INSP_INSP_RESULTS,CASS_ID_SAP,1, 0
REACTOR_GAS_SRC,REACT_NO,1, 0
REACTOR_GAS_SRC,AREA,1, 0
REACTOR_GAS_SRC,CAB,1, 0
REACTOR_GAS_SRC,POS,1, 0
WO_MAT_INV_WH,WO_NO,1, 0
WO_MAT_INV_WH,CASS_NO,1, 0
WO_MAT_INV_WH,MV_NO,1, 0
WO_MAT_INV_WH,INV_DTM,1, 0
WO_MAT_INV_WH,INV_WH,1, 0
WO_MAT_INV_WH,INV_LOCATION,1, 0
WO_MAT_INV_WH,INV_LOC_DESC,1, 0
WO_MAT_INV_WH,INV_ACTION,1, 0
WO_MAT_INV_WH,INV_USER,1, 0
WO_MAT_INV_WH,INV_TAG,1, 0
WO_MAT_INV_WH,INV_TOOL_ID,1, 0
WO_MAT_INV_WH,REP_STATUS,1, 0
WO_MAT_INV_WH,CURR_LOCATION,1, 0
WO_MAT_INV_WH,CURR_LOCATION_DESC,1, 0
WO_MAT_INV_WH,CASS_ID_SAP,1, 0
WO_MAT_INV_WH,MU_BOX,1, 0
WO_MAT_INV_WH,CURR_WFR_CNT,1, 0
WO_MAT_INV_WH,WIP_START_DTM,1, 0
WO_MAT_INV_WH,WIP_STOP_DTM,1, 0
WO_MAT_INV_WH,LOAD_WFR_CNT,1, 0
WO_MAT_INV_WH,WO_REACT_TYPE,1, 0
WO_MAT_INV_WH,INV_WH_DESC,1, 0
FISCAL_YR_FISCAL_QTR,FISCAL_YR,1, 0
FISCAL_YR_FISCAL_QTR,MV_NO,1, 0
FISCAL_YR_FISCAL_QTR,FISCAL_QTR,1, 0
RECIPE_REACTOR,SEQ,1, 0
RECIPE_REACTOR,MV_NO,1, 0
RECIPE_REACTOR,REACTOR_TYPE,1, 0
RECIPE_REACTOR,DISK,1, 0
CALIBRATION,CL_NO,1, 0
CALIBRATION,CAL_DT,1, 0
CALIBRATION,CAL_BY,1, 0
CALIBRATION,NOTES,1, 0
CLEAN_INSP_SCAN_RESULTS,CI_NO,1, 0
CLEAN_INSP_SCAN_RESULTS,MV_NO,1, 0
CLEAN_INSP_SCAN_RESULTS,SCAN_TOOL,1, 0
CLEAN_INSP_SCAN_RESULTS,SCAN_SUM_OF_DEF_MIN,1, 0
CLEAN_INSP_SCAN_RESULTS,SCAN_SUM_OF_DEF_MAX,1, 0
CLEAN_INSP_SCAN_RESULTS,SCAN_SUM_OF_DEF_AVG,1, 0
CLEAN_INSP_SCAN_RESULTS,SCAN_HAZE_AVG_MIN,1, 0
CLEAN_INSP_SCAN_RESULTS,SCAN_HAZE_AVG_MAX,1, 0
CLEAN_INSP_SCAN_RESULTS,SCAN_HAZE_AVG_AVG,1, 0
CLEAN_INSP_SCAN_RESULTS,SCAN_SIG,1, 0
CLEAN_INSP_SCAN_RESULTS,SCAN_SIG_DTM,1, 0
CLEAN_INSP_SCAN_RESULTS,CASS_ID_SAP,1, 0
CLEAN_INSP_SCAN_RESULTS,SPEC_SURFSCAN_RECIPE,1, 0
CLEAN_INSP_SCAN_RESULTS,SPEC_SS_SAMP_QTY,1, 0
CLEAN_INSP_SCAN_RESULTS,SPEC_SURF_HAZE,1, 0
CLEAN_INSP_SCAN_RESULTS,SPEC_SURF_DEFECTS,1, 0
COMPANY_PHONES,MV_NO,1, 0
COMPANY_PHONES,CO_NO,1, 0
COMPANY_PHONES,PHONES,1, 0
COMPANY_PHONES,PHONE_TYPES,1, 0
PROD_SPEC_PART_NUMS,SEQ,1, 0
PROD_SPEC_PART_NUMS,MV_NO,1, 0
PROD_SPEC_PART_NUMS,PART_NUMS,1, 0
EpiPart,EPI_PN,1, 0
EpiPart,SPEC_TYPE,1, 0
EpiPart,EXPORT_CONTROL,1, 0
HOTH2O2_LOG,SEQ,1, 0
HOTH2O2_LOG,ENTRY_ID,1, 0
HOTH2O2_LOG,ENTRY_DATE,1, 0
HOTH2O2_LOG,DATE_CHANGED,1, 0
HOTH2O2_LOG,TIME_CHANGED,1, 0
HOTH2O2_LOG,H2O2_AMOUNT,1, 0
HOTH2O2_LOG,WATER_AMOUNT,1, 0
HOTH2O2_LOG,TECH_SIG,1, 0
RECIPE_RMOD,SEQ,1, 0
RECIPE_RMOD,MV_NO,1, 0
RECIPE_RMOD,RMOD_FIELD,1, 0
RECIPE_RMOD,RMOD_ID,1, 0
CALIB_LIST,CL_NO,1, 0
CALIB_LIST,CL_TYPE,1, 0
CALIB_LIST,EQ_DESC,1, 0
CALIB_LIST,EQ_SN,1, 0
CALIB_LIST,EQ_LOC,1, 0
CALIB_LIST,EQ_LEVEL,1, 0
CALIB_LIST,EQ_CAL_CLASS,1, 0
CALIB_LIST,STD_DESC,1, 0
CALIB_LIST,STD_SN,1, 0
CALIB_LIST,STD_LOC,1, 0
CALIB_LIST,CAL_INTERVAL,1, 0
CALIB_LIST,CAL_LOC,1, 0
CALIB_LIST,ENTER_DTM,1, 0
CALIB_LIST,LAST_CAL_DT,1, 0
CALIB_LIST,NEXT_CAL_DT,1, 0
CALIB_LIST,CAL_LOC_DESC,1, 0
CALIB_LIST,CAL_NOTES,1, 0
CALIB_LIST,TYPE_DESC,1, 0
COMPANY_INTL_PHONES,MV_NO,1, 0
COMPANY_INTL_PHONES,CO_NO,1, 0
COMPANY_INTL_PHONES,INTL_PHONES,1, 0
COMPANY_INTL_PHONES,INTL_PHONE_TYPES,1, 0
REACTOR_ESCALATION,REACT_NO,1, 0
REACTOR_ESCALATION,MV_NO,1, 0
REACTOR_ESCALATION,ACTIVE_ESCALATION,1, 0
FISCAL_QTR_TARGETS,FISCAL_YR,1, 0
FISCAL_QTR_TARGETS,FISCAL_QTR,1, 0
FISCAL_QTR_TARGETS,MV_NO,1, 0
FISCAL_QTR_TARGETS,THRU_GROUP,1, 0
FISCAL_QTR_TARGETS,THRU_TARGET,1, 0
FISCAL_QTR_TARGETS,THRU_QTY,1, 0
FISCAL_QTR_TARGETS,THRU_PCNT,1, 0
PROD_SPEC_QUOTES,SEQ,1, 0
PROD_SPEC_QUOTES,MV_NO,1, 0
PROD_SPEC_QUOTES,QUOTE_NO,1, 0
RECIPE,SEQ,1, 0
RECIPE,EPI_DOPANT,1, 0
RECIPE,EPI_TEMP,1, 0
RECIPE,EPI_DILUENT,1, 0
RECIPE,EPI_GASES,1, 0
RECIPE,EPI_GASES_UNIT,1, 0
RECIPE,ETCH_TIME,1, 0
RECIPE,NOTES,1, 0
RECIPE,RECIPE_NAME,1, 0
RECIPE,ENTRY_ID,1, 0
RECIPE,ENTRY_DATE,1, 0
RECIPE,EPI_GAS_RATE,1, 0
RECIPE,CAP_BURST,1, 0
RECIPE,CAP_BURST_GASES,1, 0
RECIPE,STATUS,1, 0
RECIPE,ENG_SIG,1, 0
RECIPE,ETCH1_MIN,1, 0
RECIPE,ETCH1_MAX,1, 0
RECIPE,ETCH2_MIN,1, 0
RECIPE,ETCH2_MAX,1, 0
RECIPE,ETCH3_MIN,1, 0
RECIPE,ETCH3_MAX,1, 0
sysdiagrams,name,1, 0
sysdiagrams,principal_id,1, 0
sysdiagrams,diagram_id,1, 0
sysdiagrams,version,1, 0
sysdiagrams,definition,1, 0
RDS,SEQ,1, 0
RDS,WO,1, 0
RDS,DATE_OUT,1, 0
RDS,SAP_BATCH_NO,1, 0
RDS,REACTOR,1, 0
RDS,REACTOR_TYPE,1, 0
RDS,WFRS_OUT,1, 0
RDS,WAFER_MM,1, 0
RDS,CUST_NAME,1, 0
RDS,CUST_NO,1, 0
RDS,PART_NUM,1, 0
RDS,PROD_SPEC_ID,1, 0
RDS,SUB_PART_NUM,1, 0
RDS,SUB_PART_MFG,1, 0
RDS,LOT_NUM,1, 0
RDS,THICK_MIN,1, 0
RDS,THICK_TARGET,1, 0
RDS,THICK_MAX,1, 0
RDS,RES_MIN,1, 0
RDS,RES_TARGET,1, 0
RDS,RES_MAX,1, 0
RDS,L80_THICK,1, 0
RDS,L70_THICK,1, 0
RDS,L60_THICK,1, 0
RDS,L50_THICK,1, 0
RDS,L40_THICK,1, 0
RDS,L30_THICK,1, 0
RDS,L20_THICK,1, 0
RDS,L10_THICK,1, 0
RDS,C_THICK,1, 0
RDS,R10_THICK,1, 0
RDS,R20_THICK,1, 0
RDS,R30_THICK,1, 0
RDS,R40_THICK,1, 0
RDS,R50_THICK,1, 0
RDS,R60_THICK,1, 0
RDS,R70_THICK,1, 0
RDS,R80_THICK,1, 0
RDS,THICK_AVG,1, 0
RDS,THICK_STDEV,1, 0
RDS,L80_RES,1, 0
RDS,L70_RES,1, 0
RDS,L60_RES,1, 0
RDS,L50_RES,1, 0
RDS,L40_RES,1, 0
RDS,L30_RES,1, 0
RDS,L20_RES,1, 0
RDS,L10_RES,1, 0
RDS,C_RES,1, 0
RDS,R10_RES,1, 0
RDS,R20_RES,1, 0
RDS,R30_RES,1, 0
RDS,R40_RES,1, 0
RDS,R50_RES,1, 0
RDS,R60_RES,1, 0
RDS,R70_RES,1, 0
RDS,R80_RES,1, 0
RDS,RES_AVG,1, 0
RDS,RES_STDEV,1, 0
RDS,THICK_TARGET_TOT,1, 0
RDS,TW_PROD,1, 0
RDS,CUST_TOT_REJ,1, 0
RDS,LSL_TOT_REJ,1, 0
CLEAN_INSP_INSP_VER_SIG,CI_NO,1, 0
CLEAN_INSP_INSP_VER_SIG,MV_NO,1, 0
CLEAN_INSP_INSP_VER_SIG,INSP_VER_SIG,1, 0
CLEAN_INSP_INSP_VER_SIG,INSP_VER_SIG_DTM,1, 0
COMPANY_ADDRESS_LINES,MV_NO,1, 0
COMPANY_ADDRESS_LINES,CO_NO,1, 0
COMPANY_ADDRESS_LINES,ADDRESS,1, 0
REACTOR_ESC_START_DTM,REACT_NO,1, 0
REACTOR_ESC_START_DTM,MV_NO,1, 0
REACTOR_ESC_START_DTM,ESC_START_DTM,1, 0
MEG_LOG,SEQ,1, 0
MEG_LOG,ENTRY_ID,1, 0
MEG_LOG,ENTRY_DATE,1, 0
MEG_LOG,DATE_CHANGED,1, 0
MEG_LOG,TIME_CHANGED,1, 0
MEG_LOG,A_LOT,1, 0
MEG_LOG,P_LOT,1, 0
MEG_LOG,TECH_SIG,1, 0
PROD_SPEC_RATIOS,SEQ,1, 0
PROD_SPEC_RATIOS,MV_NO,1, 0
PROD_SPEC_RATIOS,RATIOS,1, 0
WO_MAT_SIG_PROFILE_AUDIT,ID,1, 0
WO_MAT_SIG_PROFILE_AUDIT,DATE_ADDED,1, 0
WO_MAT_SIG_PROFILE_AUDIT,NEW_SIG_DTM,1, 0
WO_MAT_SIG_PROFILE_AUDIT,OLD_SIG_DTM,1, 0
WO_MAT_SIG_PROFILE_AUDIT,WO_NO,1, 0
WO_MAT_SIG_PROFILE_AUDIT,CASS_NO,1, 0
WO_MAT_SIG_PROFILE_AUDIT,SIG_PROFILE,1, 0
WO_MAT_SIG_PROFILE_AUDIT,SIGNATURE,1, 0
WO_MAT_SIG_PROFILE_AUDIT,CASS_ID_SAP,1, 0
WO_MAT_SIG_PROFILE_AUDIT,INV_WH_DESC,1, 0
WO_MAT_SIG_PROFILE_AUDIT,INV_LOC_DESC,1, 0
WO_MAT_SIG_PROFILE_AUDIT,INV_TOOL_ID,1, 0
WO_MAT_SIG_PROFILE_AUDIT,INV_LOCATION,1, 0
WO_MAT_SIG_PROFILE_AUDIT,CURR_LOCATION,1, 0
WO_MAT_SIG_PROFILE_AUDIT,MU_BOX,1, 0
WO_MAT_SIG_PROFILE_AUDIT,CURR_WFR_CNT,1, 0
WO_MAT_SIG_PROFILE_AUDIT,LOAD_WFR_CNT,1, 0
WO_MAT_SIG_PROFILE_AUDIT,MV_NO,1, 0
WM_OUT_NCR_KEYS,WO_NO,1, 0
WM_OUT_NCR_KEYS,PROC_STEP_NO,1, 0
WM_OUT_NCR_KEYS,OUT_CASS_NO,1, 0
WM_OUT_NCR_KEYS,MV_NO,1, 0
WM_OUT_NCR_KEYS,NCR_NOS,1, 0
WM_OUT_NCR_KEYS,NCR_STATUS,1, 0
WM_OUT_NCR_KEYS,NCR_REJ_CNT,1, 0
WM_OUT_NCR_KEYS,NCR_LOSS_BY,1, 0
WM_OUT_NCR_KEYS,NCR_LOSS_STAGE,1, 0
WM_OUT_NCR_KEYS,NCR_LOSS_DESC,1, 0
WM_OUT_NCR_KEYS,NCR_LOSS_COMMENT,1, 0
COMPANY_BILL_TO_ADDRESS_LINES,MV_NO,1, 0
COMPANY_BILL_TO_ADDRESS_LINES,CO_NO,1, 0
COMPANY_BILL_TO_ADDRESS_LINES,BILL_TO_ADDRESS,1, 0
WO_LOG_RX_BY,WO,1, 0
WO_LOG_RX_BY,MV_NO,1, 0
WO_LOG_RX_BY,RX_BY,1, 0
PROD_SPEC_SUB_PARTS,SEQ,1, 0
PROD_SPEC_SUB_PARTS,MV_NO,1, 0
PROD_SPEC_SUB_PARTS,SUB_PART_NUMS,1, 0
PROD_SPEC_SUB_PARTS,SUB_WAFER_MFG,1, 0
WM_OUT_MET_TEST,WO_NO,1, 0
WM_OUT_MET_TEST,PROC_STEP_NO,1, 0
WM_OUT_MET_TEST,OUT_CASS_NO,1, 0
WM_OUT_MET_TEST,MV_NO,1, 0
WM_OUT_MET_TEST,MET_TEST,1, 0
WM_OUT_MET_TEST,MET_TEST_DESC,1, 0
WM_OUT_MET_TEST,MET_SLOT,1, 0
WM_OUT_MET_TEST,MET_SLOT_DESC,1, 0
WM_OUT_MET_TEST,MET_MIN,1, 0
WM_OUT_MET_TEST,MET_MAX,1, 0
WM_OUT_MET_TEST,MET_RESULT,1, 0
WM_OUT_MET_TEST,MET_SIG,1, 0
WM_OUT_MET_TEST,MET_SIG_DTM,1, 0
TOOL_TOOL_CLASS,TOOL_ID,1, 0
TOOL_TOOL_CLASS,MV_NO,1, 0
TOOL_TOOL_CLASS,CLASS,1, 0
COC_CASS_ID_SAP,SEQ,1, 0
COC_CASS_ID_SAP,MV_NO,1, 0
COC_CASS_ID_SAP,CASS_ID_SAP,1, 0
CLEAN_INSP,CI_NO,1, 0
CLEAN_INSP,WO_NO,1, 0
CLEAN_INSP,WO_STEP,1, 0
CLEAN_INSP,CASS_NO,1, 0
CLEAN_INSP,STAGE,1, 0
CLEAN_INSP,RDS_NO,1, 0
CLEAN_INSP,SPEC_BRIGHTLIGHT,1, 0
CLEAN_INSP,SPEC_MICROSCOPE,1, 0
CLEAN_INSP,SPEC_SURFSCAN,1, 0
CLEAN_INSP,SPEC_SURFSCAN_RECIPE,1, 0
CLEAN_INSP,SPEC_CLEAN_SUBOXIDE,1, 0
CLEAN_INSP,SPEC_CLEAN_OXIDE_ANGSTROMS,1, 0
CLEAN_INSP,SPEC_CLEAN_TOOL,1, 0
CLEAN_INSP,SPEC_CLEAN_AKRION_RECIPE,1, 0
CLEAN_INSP,SPEC_SURF_HAZE,1, 0
CLEAN_INSP,SPEC_SURF_DEFECTS,1, 0
CLEAN_INSP,SPEC_PITS,1, 0
CLEAN_INSP,SPEC_MOUNDS,1, 0
CLEAN_INSP,SPEC_BL_DEFECTS,1, 0
CLEAN_INSP,SPEC_SPOTS,1, 0
CLEAN_INSP,SPEC_FOV,1, 0
CLEAN_INSP,SPEC_SCRATCHES,1, 0
CLEAN_INSP,SPEC_SCRATCH_LEN,1, 0
CLEAN_INSP,SPEC_LPD,1, 0
CLEAN_INSP,SPEC_STACK_FAULTS,1, 0
CLEAN_INSP,SPEC_SPIKES,1, 0
CLEAN_INSP,SPEC_FWI_LWI,1, 0
CLEAN_INSP,SPEC_SS_SAMP_QTY,1, 0
CLEAN_INSP,COMMENTS,1, 0
CLEAN_INSP,SPC_DTM,1, 0
CLEAN_INSP,JCH_WAFER_CNT,1, 0
CLEAN_INSP,SHIFT,1, 0
CLEAN_INSP,CURR_STATUS,1, 0
CLEAN_INSP,POST_CLEAN_SS_SAMP_QTY,1, 0
CLEAN_INSP,REACT_NO,1, 0
CLEAN_INSP,WAFER_CNT,1, 0
CLEAN_INSP,WAFER_SIZE,1, 0
CLEAN_INSP,CASS_ID_SAP,1, 0
CLEAN_INSP,CURR_WFR_CNT,1, 0
COMPANY_SHIP_TO_ADDRESS_LINES,MV_NO,1, 0
COMPANY_SHIP_TO_ADDRESS_LINES,CO_NO,1, 0
COMPANY_SHIP_TO_ADDRESS_LINES,SHIP_TO_ADDRESS,1, 0
PROD_SPEC_EMAIL_NOTIF,SEQ,1, 0
PROD_SPEC_EMAIL_NOTIF,MV_NO,1, 0
PROD_SPEC_EMAIL_NOTIF,SHIP_EMAIL_NOTIF,1, 0
WO_MAT_SLOT_NO,WO_NO,1, 0
WO_MAT_SLOT_NO,CASS_NO,1, 0
WO_MAT_SLOT_NO,MV_NO,1, 0
WO_MAT_SLOT_NO,SLOT_NO,1, 0
WO_MAT_SLOT_NO,SLOT_NCR,1, 0
WO_MAT_SLOT_NO,SLOT_MET_NO,1, 0
WO_MAT_SLOT_NO,SLOT_MOVED_TO,1, 0
WO_MAT_SLOT_NO,SLOT_REP_WAFER_ID,1, 0
WO_MAT_SLOT_NO,SLOT_WAFER_ID,1, 0
NCR_SLOTS,SEQ,1, 0
NCR_SLOTS,MV_NO,1, 0
NCR_SLOTS,SLOT_NO,1, 0
NCR_SLOTS,CASS_NO,1, 0
NCR_SLOTS,POCKET_NO,1, 0
NCR_SLOTS,OUT_CASS_NO,1, 0
NCR_SLOTS,OUT_SLOT_NO,1, 0
NCR_SLOTS,WM_RDS_NO,1, 0
NCR_SLOTS,ZONE,1, 0
NCR_SLOTS,REJ_WAFER_ID,1, 0
NCR_SLOTS,PREV_NCR_NO,1, 0
NCR_SLOTS,REJ_MET_NO,1, 0
NCR_SLOTS,MU_WO_NO,1, 0
NCR_SLOTS,MU_STEP,1, 0
NCR_SLOTS,MU_CASS,1, 0
NCR_SLOTS,MU_SLOT,1, 0
WO_MAT_MU_CASS_IDS_SAP,WO_NO,1, 0
WO_MAT_MU_CASS_IDS_SAP,CASS_NO,1, 0
WO_MAT_MU_CASS_IDS_SAP,MV_NO,1, 0
WO_MAT_MU_CASS_IDS_SAP,MU_CASS_IDS_SAP,1, 0
COMPANY_VREMIT_ADDR_LINES,MV_NO,1, 0
COMPANY_VREMIT_ADDR_LINES,CO_NO,1, 0
COMPANY_VREMIT_ADDR_LINES,VREMIT_ADDR,1, 0
PROD_SPEC_QUAL_REACTS,SEQ,1, 0
PROD_SPEC_QUAL_REACTS,MV_NO,1, 0
PROD_SPEC_QUAL_REACTS,QUAL_REACTS,1, 0
PROD_SPEC_QUAL_REACTS,BLOCKED_REACTS,1, 0
RDS_TEST_TW,MET_NO,1, 0
RDS_TEST_TW,MV_NO,1, 0
RDS_TEST_TW,TW_TYPE,1, 0
RDS_TEST_TW,TW_CNT,1, 0
RDS_TEST_TW,TW_CODE,1, 0
RDS_TEST_TW,TW_CON,1, 0
RDS_TEST_TW,TW_RES,1, 0
RDS_TEST_TW,TW_RHO,1, 0
RDS_TEST_TW,TW_STRESS,1, 0
RDS_TEST_TW,TW_THICK,1, 0
RDS_TEST_TW,TW_TOOL,1, 0
RDS_TEST_TW,TW_TRANS,1, 0
RDS_TEST_TW,TW_SIG,1, 0
RDS_TEST_TW,TW_SIG_DTM,1, 0
RDS_TEST_TW,TW_HRS_SINCE_PERIOD,1, 0
RDS_TEST_TW,TW_HRS_ESC,1, 0
RDS_TEST_TW,TW_WAFER_ID,1, 0
GAN_THEO_CYCLE_TIME,ID,1, 0
GAN_THEO_CYCLE_TIME,PART_NO,1, 0
GAN_THEO_CYCLE_TIME,STAGE,1, 0
GAN_THEO_CYCLE_TIME,RECIPE_TIME,1, 0
GAN_THEO_CYCLE_TIME,OPERATOR_TOUCH_TIME,1, 0
GAN_THEO_CYCLE_TIME,RUNS_PER_WEEK,1, 0
PROD_SPEC_CUST_PART,SEQ,1, 0
PROD_SPEC_CUST_PART,MV_NO,1, 0
PROD_SPEC_CUST_PART,CUST_PART_NO,1, 0
PROD_SPEC_CUST_PART,PN_DESC,1, 0
PROD_SPEC_CUST_PART,INBOUND_CUST_PART_NO,1, 0
WM_OUT_THICK_MIN_ALL,WO_NO,1, 0
WM_OUT_THICK_MIN_ALL,PROC_STEP_NO,1, 0
WM_OUT_THICK_MIN_ALL,OUT_CASS_NO,1, 0
WM_OUT_THICK_MIN_ALL,MV_NO,1, 0
WM_OUT_THICK_MIN_ALL,RDS_LS_ID,1, 0
WM_OUT_THICK_MIN_ALL,THICK_MIN_ALL,1, 0
WM_OUT_THICK_MIN_ALL,THICK_TARGET_ALL,1, 0
WM_OUT_THICK_MIN_ALL,THICK_MAX_ALL,1, 0
WM_OUT_THICK_MIN_ALL,THICK_UNITS_ALL,1, 0
GAN_CYCLE_TIME_TMP,ID,1, 0
GAN_CYCLE_TIME_TMP,WO_NO,1, 0
GAN_CYCLE_TIME_TMP,RUN_ID,1, 0
GAN_CYCLE_TIME_TMP,RDS_NO,1, 0
GAN_CYCLE_TIME_TMP,RECIPE,1, 0
GAN_CYCLE_TIME_TMP,PART_NO,1, 0
GAN_CYCLE_TIME_TMP,PSN_NO,1, 0
GAN_CYCLE_TIME_TMP,STAGE_NAME,1, 0
GAN_CYCLE_TIME_TMP,TOOL_CLASS,1, 0
GAN_CYCLE_TIME_TMP,TOOL,1, 0
GAN_CYCLE_TIME_TMP,START_DTM,1, 0
GAN_CYCLE_TIME_TMP,STOP_DTM,1, 0
GAN_CYCLE_TIME_TMP,OPERATOR_START,1, 0
GAN_CYCLE_TIME_TMP,OPERATOR_STOP,1, 0
GAN_CYCLE_TIME_TMP,WFR_SCRIBE,1, 0
GAN_CYCLE_TIME_TMP,REACTOR,1, 0
REACT_UTIL,SEQ,1, 0
REACT_UTIL,REACTOR,1, 0
REACT_UTIL,MODE,1, 0
REACT_UTIL,START_DATE,1, 0
REACT_UTIL,START_TIME,1, 0
REACT_UTIL,END_DATE,1, 0
REACT_UTIL,END_TIME,1, 0
REACT_UTIL,MODE_START_USER,1, 0
REACT_UTIL,MODE_FINISH_USER,1, 0
REACT_UTIL,WO,1, 0
REACT_UTIL,CUST_NO,1, 0
REACT_UTIL,REACTOR_LOG_ID,1, 0
REACT_UTIL,NOTES,1, 0
REACT_UTIL,END_DTM,1, 0
REACT_UTIL,HRS_IN_MODE,1, 0
REACT_UTIL,START_DTM,1, 0
PROD_SPEC_MOD_INFO,SEQ,1, 0
PROD_SPEC_MOD_INFO,MV_NO,1, 0
PROD_SPEC_MOD_INFO,MOD_ID,1, 0
PROD_SPEC_MOD_INFO,MOD_DATE,1, 0
WO_MAT_NCR_KEYS,WO_NO,1, 0
WO_MAT_NCR_KEYS,CASS_NO,1, 0
WO_MAT_NCR_KEYS,MV_NO,1, 0
WO_MAT_NCR_KEYS,NCR_KEYS,1, 0
WO_MAT_NCR_KEYS,NCR_FINAL_SIG,1, 0
WO_MAT_NCR_KEYS,NCR_FINAL_SIG_DTM,1, 0
WO_MAT_NCR_KEYS,NCR_LOSS_BY,1, 0
WO_MAT_NCR_KEYS,NCR_LOSS_COMMENT,1, 0
WO_MAT_NCR_KEYS,NCR_LOSS_DESC,1, 0
WO_MAT_NCR_KEYS,NCR_LOSS_STAGE,1, 0
WO_MAT_NCR_KEYS,NCR_REJ_CNT,1, 0
WO_MAT_NCR_KEYS,NCR_STATUS,1, 0
vw_ReacChangeKPI,ReacChangeKPI,1, 0
vw_ReacChangeKPI,Out,1, 0
vw_ReacChangeKPI,REACTOR,1, 0
vw_ReacChangeKPI,PrevReactor,1, 0
vw_ReacChangeKPI,THICK_TARGET,1, 0
vw_ReacChangeKPI,PREV_TARGET,1, 0
vw_Cpk,Measure,1, 0
vw_Cpk,Result,1, 0
vw_Cpk,THICK_MAX,1, 0
vw_Cpk,THICK_MIN,1, 0
vw_Cpk,DATE_OUT,1, 0
vw_Cpk,PROD_SPEC_ID,1, 0
vw_Cpk,REACTOR_TYPE,1, 0
vw_Cpk,PART_NUM,1, 0
RDS_TEST_STRESS,MET_NO,1, 0
RDS_TEST_STRESS,MV_NO,1, 0
RDS_TEST_STRESS,STRESS_BORON,1, 0
RDS_TEST_STRESS,STRESS_GEH4,1, 0
RDS_TEST_STRESS,STRESS_MPS,1, 0
vw_Moves,RDSid,1, 0
vw_Moves,WOid,1, 0
vw_Moves,DATE_OUT,1, 0
vw_Moves,InQty,1, 0
vw_Moves,OutQty,1, 0
vw_Moves,WFR_UNLOAD_QTY,1, 0
vw_Moves,RECIPE_NAME,1, 0
vw_Moves,RECIPE_NO,1, 0
vw_Moves,Scrap,1, 0
vw_Moves,YieldOuts,1, 0
vw_Moves,TimeIn,1, 0
vw_Moves,TimeOut,1, 0
vw_Moves,PT,1, 0
vw_Moves,Reactor,1, 0
vw_Moves,Workcenter,1, 0
vw_Moves,Custid,1, 0
vw_Moves,Customer,1, 0
vw_Moves,PSNid,1, 0
vw_Moves,Partid,1, 0
vw_Moves,Lotid,1, 0
vw_Moves,SAPBatchid,1, 0
vw_Moves,Radius,1, 0
vw_Moves,TThickness,1, 0
vw_Moves,Volume,1, 0
vw_Moves,Equiv8,1, 0
WO_MAST_SCHED,APPT,1, 0
WO_MAST_SCHED,WO_NO,1, 0
WO_MAST_SCHED,RDS_COMP,1, 0
WO_MAST_SCHED,EVENT,1, 0
WO_MAST_SCHED,HOT,1, 0
WO_MAST_SCHED,PSN_NO,1, 0
WO_MAST_SCHED,RELEASED,1, 0
WO_MAST_SCHED,CUST_NO,1, 0
WO_MAST_SCHED,WO_STATUS,1, 0
WO_MAST_SCHED,RDS_COUNT,1, 0
WO_MAST_SCHED,NOTES,1, 0
WO_MAST_SCHED,PART_NO,1, 0
WO_MAST_SCHED,EPI_PART_NO,1, 0
WO_MAST_SCHED,SCHED_DT,1, 0
WO_MAST_SCHED,START_DATE,1, 0
WO_MAST_SCHED,REACT_NO,1, 0
WO_MAST_SCHED,START_TIME,1, 0
WO_MAST_SCHED,LOCKED,1, 0
WO_MAST_SCHED,TAR_THICK,1, 0
WO_MAST_SCHED,TAR_RESIST,1, 0
WO_MAST_SCHED,PROC_TIME,1, 0
WO_MAST_SCHED,END_DATE,1, 0
WO_MAST_SCHED,END_TIME,1, 0
WO_MAST_SCHED,DOPANT,1, 0
WO_MAST_SCHED,SOURCE_GAS,1, 0
WO_MAST_SCHED,RUN_TYPE,1, 0
WO_MAST_SCHED,QUALIFIED,1, 0
WO_MAST_SCHED,BLOCKED,1, 0
WO_MAST_SCHED,FIXED_PROC_TIME,1, 0
WO_MAST_SCHED,STOPPAGE,1, 0
WO_MAST_SCHED,LAST_MODIFIED_BY,1, 0
WO_MAST_SCHED,LAST_MODIFIED_DATE,1, 0
WO_MAST_SCHED,LAST_MODIFIED_TIME,1, 0
WO_MAT_RDS_NO,WO_NO,1, 0
WO_MAT_RDS_NO,CASS_NO,1, 0
WO_MAT_RDS_NO,MV_NO,1, 0
WO_MAT_RDS_NO,RDS_NO,1, 0
WO_MAT_RDS_NO,RDS_FINAL_SIG,1, 0
WO_MAT_RDS_NO,RDS_FINAL_SIG_DTM,1, 0
WO_MAT_RDS_NO,WO_STEP_NO,1, 0
WO_MAT_RDS_NO,WO_STEP_PS_NO,1, 0
WO_MAT_RDS_NO,WO_STEP_PRE_CLEAN,1, 0
WO_MAT_RDS_NO,RDS_RUN_STATUS,1, 0
WO_MAT_RDS_NO,RDS_WFRS_OUT_NOMU,1, 0
REACT_STATUS_LOAD,REACT_NO,1, 0
REACT_STATUS_LOAD,MV_NO,1, 0
REACT_STATUS_LOAD,UNLOAD_DTM,1, 0
REACT_STATUS_LOAD,LOAD_CASS_ID,1, 0
REACT_STATUS_LOAD,LOAD_DTM,1, 0
REACT_STATUS_LOAD,UNLOAD_CASS_ID,1, 0
REACT_STATUS_LOAD,LOAD_RDS,1, 0
REACT_STATUS_LOAD,LOAD_RDS_DTM,1, 0
REACT_STATUS_LOAD,UNLOAD_RDS,1, 0
REACT_STATUS_LOAD,UNLOAD_RDS_DTM,1, 0
WO_MAST_SCHED_WO_STEP_KEY,APPT,1, 0
WO_MAST_SCHED_WO_STEP_KEY,MV_NO,1, 0
WO_MAST_SCHED_WO_STEP_KEY,WO_STEP_KEY,1, 0
WO_MAT_WMI_SLOT_NO,WO_NO,1, 0
WO_MAT_WMI_SLOT_NO,CASS_NO,1, 0
WO_MAT_WMI_SLOT_NO,MV_NO,1, 0
WO_MAT_WMI_SLOT_NO,WMI_KEY,1, 0
WO_MAT_WMI_SLOT_NO,WMI_SLOT_NO,1, 0
WO_MAT_WMI_SLOT_NO,WMI_RDS_NO,1, 0
WO_MAT_WMI_SLOT_NO,WMI_POCKET_NO,1, 0
WO_MAT_WMI_SLOT_NO,WMI_SLOT_NCR,1, 0
WO_MAT_WMO_SLOT_NO,WO_NO,1, 0
WO_MAT_WMO_SLOT_NO,CASS_NO,1, 0
WO_MAT_WMO_SLOT_NO,MV_NO,1, 0
WO_MAT_WMO_SLOT_NO,WMO_KEY,1, 0
WO_MAT_WMO_SLOT_NO,EPO_SLOT,1, 0
WO_MAT_WMO_SLOT_NO,WMO_RDS_NO,1, 0
WO_MAT_WMO_SLOT_NO,WMO_POCKET,1, 0
WO_MAT_WMO_SLOT_NO,WMO_SLOT_NCR,1, 0
WM_OUT,WO_NO,1, 0
WM_OUT,PROC_STEP_NO,1, 0
WM_OUT,OUT_CASS_NO,1, 0
WM_OUT,POST_CODE,1, 0
WM_OUT,POST_BOAT_ID,1, 0
WM_OUT,POST_SRD_NO,1, 0
WM_OUT,POST_EPI_SIG,1, 0
WM_OUT,POST_EPI_SIG_DTM,1, 0
WM_OUT,POST_PITS,1, 0
WM_OUT,POST_MOUNDS,1, 0
WM_OUT,POST_STACK_FAULTS,1, 0
WM_OUT,POST_SPOTS,1, 0
WM_OUT,POST_FOV,1, 0
WM_OUT,POST_BL_DEFECTS,1, 0
WM_OUT,POST_SPIKES,1, 0
WM_OUT,POST_SCRATCHES,1, 0
WM_OUT,POST_SCRATCH_LEN,1, 0
WM_OUT,LPD_FIRSTWAFER,1, 0
WM_OUT,LPD_POSTCLEAN,1, 0
WM_OUT,SHIFT,1, 0
WM_OUT,SUP_VER_SIG,1, 0
WM_OUT,SUP_VER_SIG_DTM,1, 0
WM_OUT,SHIP_NO,1, 0
WM_OUT,POST_CLEAN,1, 0
WM_OUT,MAKEUP_BOX,1, 0
WM_OUT,ADE_READ,1, 0
WM_OUT,PROMISE_SHIP_DT,1, 0
WM_OUT,IN_CLEANROOM,1, 0
WM_OUT,VOID,1, 0
WM_OUT,IN_PTO,1, 0
WM_OUT,CI_NO,1, 0
TOOL,TOOL_ID,1, 0
TOOL,TOOL_DESC,1, 0
TOOL,TOOL_TYPE,1, 0
TOOL,OUT_OF_SERVICE,1, 0
TOOL,VENDOR,1, 0
TOOL,LOCATION,1, 0
TOOL,LOCATIONX,1, 0
TOOL,AREA,1, 0
TOOL,CLASS,1, 0
TOOL,TOOL_WH_CD,1, 0
TOOL,TOOL_LOC_CD,1, 0
TOOL,BATCH,1, 0
REACT_EVENT,REACT_NO,1, 0
REACT_EVENT,EVENT_DTM,1, 0
REACT_EVENT,COMMENT,1, 0
REACT_EVENT,LOGGED_BY,1, 0
REACT_EVENT,EVENT_TYPE,1, 0
REACT_EVENT,REACT_MODE,1, 0
REACT_EVENT,RDS_NO,1, 0
REACT_EVENT,REACT_PROB_CAT,1, 0
REACT_EVENT,REACT_ESC_KEY,1, 0
REACT_EVENT,STOP_DTM,1, 0
REACT_EVENT,WO_NO,1, 0
TOOL_CURR_MODE_KEY,TOOL_ID,1, 0
TOOL_CURR_MODE_KEY,MV_NO,1, 0
TOOL_CURR_MODE_KEY,CURR_MODE_KEY,1, 0
TUBE,TUBE_ID,1, 0
TUBE,DESC,1, 0
TUBE,STATUS,1, 0
TUBE,NOTES,1, 0
WO_MAT_HOLD_HISTORY,WO_NO,1, 0
WO_MAT_HOLD_HISTORY,CASS_NO,1, 0
WO_MAT_HOLD_HISTORY,MV_NO,1, 0
WO_MAT_HOLD_HISTORY,HOLD_START_DTM,1, 0
WO_MAT_HOLD_HISTORY,HOLD_START_USER,1, 0
WO_MAT_HOLD_HISTORY,HOLD_START_REASON,1, 0
WO_MAT_HOLD_HISTORY,HOLD_STOP_DTM,1, 0
WO_MAT_HOLD_HISTORY,HOLD_STOP_USER,1, 0
WO_MAT_HOLD_HISTORY,HOLD_STOP_REASON,1, 0
WO_MAT_HOLD_HISTORY,HOLD_ENTITY,1, 0
WO_MAT_HOLD_HISTORY,HOLD_ENTITY_ID,1, 0
WO_MAT_HOLD_HISTORY,CASS_ID_SAP,1, 0
WO_MAT_HOLD_HISTORY,HOLD_EXTENDED,1, 0
NCR List,SEQ,1, 0
NCR List,STATUS,1, 0
NCR List,TOT_REJ,1, 0
NCR List,REACTOR,1, 0
NCR List,LOSS_STAGE,1, 0
NCR List,ENTRY_DATE,1, 0
NCR List,ENTRY_TIME,1, 0
NCR List,WO_NO,1, 0
NCR List,WO_MAT_CASS_NO,1, 0
NCR List,DEPT_RESP,1, 0
NCR List,SHIFT,1, 0
NCR List,LOSS_COMMENTS,1, 0
COC_CASS_SAP_BATCH_NOS,MV_NO,1, 0
COC_CASS_SAP_BATCH_NOS,SEQ,1, 0
COC_CASS_SAP_BATCH_NOS,CASS_SAP_BATCH_NO,1, 0
WM_OUT_HOLD_HISTORY,WO_NO,1, 0
WM_OUT_HOLD_HISTORY,PROC_STEP_NO,1, 0
WM_OUT_HOLD_HISTORY,OUT_CASS_NO,1, 0
WM_OUT_HOLD_HISTORY,MV_NO,1, 0
WM_OUT_HOLD_HISTORY,HOLD_START_DTM,1, 0
WM_OUT_HOLD_HISTORY,HOLD_START_USER,1, 0
WM_OUT_HOLD_HISTORY,HOLD_START_REASON,1, 0
WM_OUT_HOLD_HISTORY,HOLD_STOP_DTM,1, 0
WM_OUT_HOLD_HISTORY,HOLD_STOP_USER,1, 0
WM_OUT_HOLD_HISTORY,HOLD_STOP_REASON,1, 0
WO_MAT_CLEAN_INSP,WO_NO,1, 0
WO_MAT_CLEAN_INSP,CASS_NO,1, 0
WO_MAT_CLEAN_INSP,MV_NO,1, 0
WO_MAT_CLEAN_INSP,CLEAN_INSP_KEY,1, 0
WO_MAT_CLEAN_INSP,CI_STEP_NO,1, 0
WO_MAT_CLEAN_INSP,CI_STAGE,1, 0
WO_MAT_CLEAN_INSP,CI_CLEAN_TOOL,1, 0
CDM_LOG,SEQ,1, 0
CDM_LOG,ENTRY_ID,1, 0
CDM_LOG,ENTRY_DATE,1, 0
CDM_LOG,CHEMICAL_NAME,1, 0
CDM_LOG,DATE_CHANGED,1, 0
CDM_LOG,TIME_CHANGED,1, 0
CDM_LOG,LOT_NUM,1, 0
CDM_LOG,TECH_SIG,1, 0
TUBE_REACT_NO,TUBE_ID,1, 0
TUBE_REACT_NO,MV_NO,1, 0
TUBE_REACT_NO,REACT_NO,1, 0
TUBE_REACT_NO,INST_DTM,1, 0
TUBE_REACT_NO,INST_REACT_HRS,1, 0
TUBE_REACT_NO,INST_REACT_CYCLES,1, 0
TUBE_REACT_NO,INST_RL_ID,1, 0
TUBE_REACT_NO,RDS_WFR_CNT,1, 0
TUBE_REACT_NO,REM_DTM,1, 0
TUBE_REACT_NO,REM_REACT_HRS,1, 0
TUBE_REACT_NO,REM_REACT_CYCLES,1, 0
TUBE_REACT_NO,REM_RL_ID,1, 0
REACT_RUN,RDS_NO,1, 0
REACT_RUN,WO_NO,1, 0
REACT_RUN,WO_STEP,1, 0
REACT_RUN,CASS_NO,1, 0
REACT_RUN,REACTOR,1, 0
REACT_RUN,PRE_CI_KEY,1, 0
REACT_RUN,WFR_CI_KEY,1, 0
REACT_RUN,POST_CI_KEY,1, 0
REACT_RUN,VER_WFR_CNT,1, 0
REACT_RUN,LOAD_WFR_CNT,1, 0
REACT_RUN,ENTER_BY,1, 0
REACT_RUN,ENTER_DTM,1, 0
REACT_RUN,VER_SIG,1, 0
REACT_RUN,VER_SIG_DTM,1, 0
REACT_RUN,PRE_SIG,1, 0
REACT_RUN,PRE_SIG_DTM,1, 0
REACT_RUN,LOAD_SIG,1, 0
REACT_RUN,LOAD_SIG_DTM,1, 0
REACT_RUN,WFR_SIG,1, 0
REACT_RUN,WFR_SIG_DTM,1, 0
REACT_RUN,UNLOAD_SIG,1, 0
REACT_RUN,UNLOAD_SIG_DTM,1, 0
REACT_RUN,POST_SIG,1, 0
REACT_RUN,POST_SIG_DTM,1, 0
REACT_RUN,FINAL_SIG,1, 0
REACT_RUN,FINAL_SIG_DTM,1, 0
REACT_RUN,SCHED_DT,1, 0
REACT_RUN,BL_DEFECTS,1, 0
REACT_RUN,STACK_FAULTS,1, 0
REACT_RUN,SPIKES,1, 0
REACT_RUN,SPECIAL_INST,1, 0
REACT_RUN,REACT_IDLE_TIME,1, 0
REACT_RUN,SHIFT,1, 0
REACT_RUN,LAST_WAFER_RHO,1, 0
REACT_RUN,LOAD_LOCK_SIDE,1, 0
REACT_RUN,ADE_READ,1, 0
REACT_RUN,FIN_WFR_CNT,1, 0
REACT_RUN,INJECTORS,1, 0
REACT_RUN,TUBE_ID,1, 0
REACT_RUN,TUBE_GRADE,1, 0
REACT_RUN,SUSCEPTOR_ID,1, 0
REACT_RUN,SUPP_INST,1, 0
REACT_RUN,SUPP_ENTRY_ID,1, 0
REACT_RUN,SUPP_ENTRY_DTM,1, 0
REACT_RUN,SUPP_SIG,1, 0
REACT_RUN,SUPP_SIG_DTM,1, 0
REACT_RUN,REACT_ACT_ESC_DTM,1, 0
REACT_RUN,CANCELLED,1, 0
REACT_RUN,VOID,1, 0
REACT_RUN,PRE_CI_NO,1, 0
REACT_RUN,WFR_CI_NO,1, 0
REACT_RUN,POST_CI_NO,1, 0
REACT_RUN,SCHED_WFR_QTY,1, 0
REACT_RUN,BACK_SEAL,1, 0
REACT_RUN,BURIED_LAYER,1, 0
REACT_RUN,WAFER_SCRIBE,1, 0
REACT_RUN,PHOS_DOPED_SUBSTRATE,1, 0
REACT_RUN,VER_COMMENT,1, 0
REACT_RUN,LOAD_COMMENT,1, 0
REACT_RUN,UNLOAD_COMMENT,1, 0
REACT_RUN,FINAL_COMMENT,1, 0
REACT_RUN,CURR_WFR_CNT,1, 0
REACT_RUN,CURR_WFR_CNT_REJ,1, 0
REACT_RUN,CUST_CAPTIVE,1, 0
REACT_RUN,CUST_NAME,1, 0
REACT_RUN,CUST_NO,1, 0
REACT_RUN,LOT_NO,1, 0
REACT_RUN,PART_NO,1, 0
REACT_RUN,PS_NO,1, 0
REACT_RUN,REACTOR_TYPE,1, 0
REACT_RUN,RECIPE_NAME,1, 0
REACT_RUN,RECIPE_NO,1, 0
REACT_RUN,SPEC_TYPE,1, 0
REACT_RUN,WFR_UNLOAD_DAYS,1, 0
REACT_RUN,WFR_UNLOAD_NIGHTS,1, 0
REACT_RUN,WFR_UNLOAD_QTY,1, 0
REACT_RUN,CASS_ID_SAP,1, 0
REACT_RUN,REACT_TOOL_ID,1, 0
NCR_PART_NUM,SEQ,1, 0
NCR_PART_NUM,MV_NO,1, 0
NCR_PART_NUM,PART_NO,1, 0
CUST_EPI_PART,CUST_NO,1, 0
CUST_EPI_PART,EPI_PN,1, 0
CUST_EPI_PART,SALES_NOTES,1, 0
CUST_EPI_PART,SHIP_INST,1, 0
CUST_EPI_PART,SHIP_CUST_RDS,1, 0
CUST_EPI_PART,SHIP_COC_FRONT,1, 0
CUST_EPI_PART,SHIP_COC_BACK,1, 0
CUST_EPI_PART,SHIP_PARTIAL,1, 0
CUST_EPI_PART,SHIP_NCR_REJ,1, 0
CUST_EPI_PART,SHIP_FULL_TYPE,1, 0
CUST_EPI_PART,SHIP_BAG_REQ,1, 0
CUST_EPI_PART,SHIP_COC_FRONT_COPIES,1, 0
CUST_EPI_PART,SHIP_COC_BACK_COPIES,1, 0
CUST_EPI_PART,MONITOR_WAFER_LABEL,1, 0
CUST_EPI_PART,MAKEUP_WAFERS,1, 0
CUST_EPI_PART,TW_RET_INST,1, 0
CUST_EPI_PART,WMO_LOAD_CNT,1, 0
CUST_EPI_PART,RET_REJECTS,1, 0
CUST_EPI_PART,EPI_PRO_SHIP_SHORT,1, 0
CUST_EPI_PART,BILL_INST,1, 0
CUST_EPI_PART,CASS_SHIP_QTY,1, 0
CUST_EPI_PART,TR_SRP,1, 0
CUST_EPI_PART,TR_FTIR,1, 0
CUST_EPI_PART,TR_HGPROBE,1, 0
CUST_EPI_PART,TR_TENCOR,1, 0
CUST_EPI_PART,TR_STRESS,1, 0
CUST_EPI_PART,TR_TEST_WAFER,1, 0
CUST_EPI_PART,TR_SRP_WWAFER,1, 0
CUST_EPI_PART,TR_4PP,1, 0
CUST_EPI_PART,CUST_RDS_CLEANROOM_PAPER,1, 0
CUST_EPI_PART_SUBSTRATE,CUST_NO,1, 0
CUST_EPI_PART_SUBSTRATE,EPI_PN,1, 0
CUST_EPI_PART_SUBSTRATE,MV_NO,1, 0
CUST_EPI_PART_SUBSTRATE,SUBSTRATE_PART_NO,1, 0
CUST_EPI_PART_SUBSTRATE,SUBSTRATE_MFR,1, 0
NCR_LOT_NUM,SEQ,1, 0
NCR_LOT_NUM,MV_NO,1, 0
NCR_LOT_NUM,LOT_NUM,1, 0
WM_OUT_INV_WH,WO_NO,1, 0
WM_OUT_INV_WH,PROC_STEP_NO,1, 0
WM_OUT_INV_WH,OUT_CASS_NO,1, 0
WM_OUT_INV_WH,MV_NO,1, 0
WM_OUT_INV_WH,INV_DTM,1, 0
WM_OUT_INV_WH,INV_WH,1, 0
WM_OUT_INV_WH,INV_WH_DESC,1, 0
WM_OUT_INV_WH,INV_LOCATION,1, 0
WM_OUT_INV_WH,INV_LOC_DESC,1, 0
WM_OUT_INV_WH,INV_ACTION,1, 0
WM_OUT_INV_WH,INV_USER,1, 0
WM_OUT_INV_WH,INV_TAG,1, 0
TW_CODES,SEQ,1, 0
TW_CODES,DESC,1, 0
TW_CODES,ENTRY_ID,1, 0
TW_CODES,ENTRY_DATE,1, 0
TW_CODES,NON_PROD,1, 0
TW_CODES,RUN_DATA_REQUIRED,1, 0
CUST_EPI_PART_CUST_PART,CUST_NO,1, 0
CUST_EPI_PART_CUST_PART,EPI_PN,1, 0
CUST_EPI_PART_CUST_PART,MV_NO,1, 0
CUST_EPI_PART_CUST_PART,CUST_PART_NO,1, 0
CUST_EPI_PART_CUST_PART,CUST_PART_REV,1, 0
CUST_EPI_PART_CUST_PART,CUST_PART_NO_INBOUND,1, 0
CUST_EPI_PART_CUST_PART,CUST_PART_DESC,1, 0
REACT_RUN_UNLOAD,RDS_NO,1, 0
REACT_RUN_UNLOAD,MV_NO,1, 0
REACT_RUN_UNLOAD,EX_UNLOAD,1, 0
REACT_RUN_UNLOAD,EX_UNLOAD_DTM,1, 0
REACT_RUN_UNLOAD,EX_UNLOAD_REASON,1, 0
REACT_RUN_UNLOAD,EX_LOAD,1, 0
REACT_RUN_UNLOAD,EX_LOAD_dTM,1, 0
PROD_SPEC,SEQ,1, 0
PROD_SPEC,ENTRY_ID,1, 0
PROD_SPEC,ENTRY_DATE,1, 0
PROD_SPEC,DESCRIPTION,1, 0
PROD_SPEC,CUST_ID,1, 0
PROD_SPEC,STATUS,1, 0
PROD_SPEC,PRE_EPI_VER,1, 0
PROD_SPEC,PROVEIN_MIN,1, 0
PROD_SPEC,FIRST_VER_INST,1, 0
PROD_SPEC,RECIPE_TYPE,1, 0
PROD_SPEC,UNLOAD_VER_INST,1, 0
PROD_SPEC,POST_EPI_VER_INST,1, 0
PROD_SPEC,SCHEDULING_NOTES,1, 0
PROD_SPEC,SALES_NOTES,1, 0
PROD_SPEC,SPEC_BILL_INST,1, 0
PROD_SPEC,SPEC_SHIP_INST,1, 0
PROD_SPEC,LOAD_VER,1, 0
PROD_SPEC,SHIP_CUST_RDS,1, 0
PROD_SPEC,SHIP_COC_FRONT,1, 0
PROD_SPEC,SHIP_COC_BACK,1, 0
PROD_SPEC,SHIP_NCR_REJ,1, 0
PROD_SPEC,FIRST_VER,1, 0
PROD_SPEC,SHIP_PARTIAL,1, 0
PROD_SPEC,SHIP_FULL_TYPE,1, 0
PROD_SPEC,SHIP_BAG_REQ,1, 0
PROD_SPEC,TR_SRP,1, 0
PROD_SPEC,TR_FTIR,1, 0
PROD_SPEC,TR_HGPROBE,1, 0
PROD_SPEC,TR_TENCOR,1, 0
PROD_SPEC,TR_STRESS,1, 0
PROD_SPEC,TR_TEST_WAFER,1, 0
PROD_SPEC,TR_SRP_WWAFER,1, 0
PROD_SPEC,SHIP_COC_FRONT_COPIES,1, 0
PROD_SPEC,SHIP_COC_BACK_COPIES,1, 0
PROD_SPEC,UNLOAD_VER,1, 0
PROD_SPEC,TR_4PP,1, 0
PROD_SPEC,HARD_COPY,1, 0
PROD_SPEC,PRE_PITS,1, 0
PROD_SPEC,PRE_MOUNDS,1, 0
PROD_SPEC,PRE_BL_DEFECTS,1, 0
PROD_SPEC,PRE_SPOTS,1, 0
PROD_SPEC,PRE_FOV,1, 0
PROD_SPEC,PRE_SCRATCHES,1, 0
PROD_SPEC,PRE_SCRATCH_LEN,1, 0
PROD_SPEC,PRE_LPD,1, 0
PROD_SPEC,POST_PITS,1, 0
PROD_SPEC,POST_MOUNDS,1, 0
PROD_SPEC,POST_BL_DEFECTS,1, 0
PROD_SPEC,POST_STACK_FAULTS,1, 0
PROD_SPEC,POST_SPOTS,1, 0
PROD_SPEC,POST_FOV,1, 0
PROD_SPEC,POST_SPIKES,1, 0
PROD_SPEC,POST_SCRATCHES,1, 0
PROD_SPEC,POST_SCRATCH_LEN,1, 0
PROD_SPEC,POST_LPD,1, 0
PROD_SPEC,SURFACE_SPEC_NOTES,1, 0
PROD_SPEC,PRE_BRIGHTLIGHT,1, 0
PROD_SPEC,PRE_SURFSCAN,1, 0
PROD_SPEC,PRE_MICROSCOPE,1, 0
PROD_SPEC,FIRST_BRIGHTLIGHT,1, 0
PROD_SPEC,FIRST_SURFSCAN,1, 0
PROD_SPEC,FIRST_MICROSCOPE,1, 0
PROD_SPEC,POST_CLEAN_BRIGHTLIGHT,1, 0
PROD_SPEC,POST_CLEAN_SURFSCAN,1, 0
PROD_SPEC,PRE_SURFSCAN_RECIPE,1, 0
PROD_SPEC,FIRST_SURFSCAN_RECIPE,1, 0
PROD_SPEC,POST_CLEAN_SURFSCAN_RECIPE,1, 0
PROD_SPEC,REACTOR_TYPE,1, 0
PROD_SPEC,POST_EPI_VER,1, 0
PROD_SPEC,FINAL_VER,1, 0
PROD_SPEC,PRE_EPI_VER_INST,1, 0
PROD_SPEC,LOAD_VER_INST,1, 0
PROD_SPEC,SUPPLIER_CODE,1, 0
PROD_SPEC,WAND_RESTRICTER,1, 0
PROD_SPEC,PINNED_SUSCEPTOR,1, 0
PROD_SPEC,TUBE_PRESSURE_TYPE,1, 0
PROD_SPEC,LAYER_TYPE,1, 0
PROD_SPEC,FINAL_VER_INST,1, 0
PROD_SPEC,MINUTES_PER_WAFER,1, 0
PROD_SPEC,MONITOR_WAFER_LABEL,1, 0
PROD_SPEC,PRE_SURF_DEFECTS,1, 0
PROD_SPEC,PRE_SURF_HAZE,1, 0
PROD_SPEC,POST_SURF_DEFECTS,1, 0
PROD_SPEC,POST_SURF_HAZE,1, 0
PROD_SPEC,POST_CLEAN_SURF_DEFECTS,1, 0
PROD_SPEC,POST_CLEAN_SURF_HAZE,1, 0
PROD_SPEC,RDS_CLEANROOM_PAPER,1, 0
PROD_SPEC,LW_RHO_MIN,1, 0
PROD_SPEC,LW_RHO_MAX,1, 0
PROD_SPEC,SUSCEPTOR_TYPE,1, 0
PROD_SPEC,MAKEUP_WAFERS,1, 0
PROD_SPEC,STD_OH_COST,1, 0
PROD_SPEC,MTL_COST,1, 0
PROD_SPEC,IR_FAB,1, 0
PROD_SPEC,TW_RET_INST,1, 0
PROD_SPEC,POST_FWI_LWI,1, 0
PROD_SPEC,POST_CLEAN_SS_SAMP_QTY,1, 0
PROD_SPEC,VERIFY_INSP_REQ,1, 0
PROD_SPEC,PI_PARTICLE_QUAL,1, 0
PROD_SPEC,WMO_LOAD_CNT,1, 0
PROD_SPEC,THICKFILM_MET,1, 0
PROD_SPEC,TEST_POINT_MAP,1, 0
PROD_SPEC,RET_REJECTS,1, 0
PROD_SPEC,CASS_SHIP_QTY,1, 0
PROD_SPEC,SMALL_REACTOR_DELTA,1, 0
PROD_SPEC,DEP_TIME_RATIO,1, 0
PROD_SPEC,EPI_PRO_SHIP_SHORT,1, 0
PROD_SPEC,SPEC_NEW_DEV,1, 0
PROD_SPEC,SPEC_SUBSTRATE,1, 0
PROD_SPEC,SPEC_EPI,1, 0
PROD_SPEC,SPEC_ADDTL,1, 0
PROD_SPEC,SPEC_PRE_PROD,1, 0
PROD_SPEC,CUST_NAME,1, 0
PROD_SPEC,MERCHANT,1, 0
PROD_SPEC,SUB_ORIENTATION,1, 0
PROD_SPEC,SUB_SUPPLIED_BY,1, 0
PROD_SPEC,SUB_WAFER_DESC,1, 0
PROD_SPEC,SUB_WAFER_INCHES,1, 0
PROD_SPEC,SUB_WAFER_MM,1, 0
PROD_SPEC,SUB_WAFER_SIZE,1, 0
PROD_SPEC,SUB_WAFER_TYPE,1, 0
WM_OUT_SLOT,WO_NO,1, 0
WM_OUT_SLOT,PROC_STEP_NO,1, 0
WM_OUT_SLOT,OUT_CASS_NO,1, 0
WM_OUT_SLOT,MV_NO,1, 0
WM_OUT_SLOT,SLOT_NO,1, 0
WM_OUT_SLOT,RDS,1, 0
WM_OUT_SLOT,RDS_REACT_NO,1, 0
WM_OUT_SLOT,RDS_CURR_STATUS,1, 0
WM_OUT_SLOT,POCKET,1, 0
WM_OUT_SLOT,ZONE,1, 0
WM_OUT_SLOT,IN_CASS_NO,1, 0
WM_OUT_SLOT,IN_SLOT_NO,1, 0
WM_OUT_SLOT,SLOT_NCR,1, 0
WM_OUT_SLOT,MU_WO_NO,1, 0
WM_OUT_SLOT,MU_WO_STEP,1, 0
WM_OUT_SLOT,MU_CASS_NO,1, 0
WM_OUT_SLOT,MU_SLOT_NO,1, 0
WM_OUT_SLOT,UMW_CASS_ID,1, 0
WM_OUT_SLOT,UMW_SLOT_NO,1, 0
WM_OUT_SLOT,MU_BY,1, 0
CUST_EPI_PART_SPEC,CUST_NO,1, 0
CUST_EPI_PART_SPEC,EPI_PN,1, 0
CUST_EPI_PART_SPEC,MV_NO,1, 0
CUST_EPI_PART_SPEC,SPEC_NO,1, 0
CUST_EPI_PART_SPEC,SPEC_DESC,1, 0
CUST_EPI_PART_SPEC,SPEC_REV,1, 0
CUST_EPI_PART_SPEC,SPEC_REV_DT,1, 0
CUST_EPI_PART_SPEC,SPEC_HARDCOPY,1, 0
REACT_RUN_POCKET,RDS_NO,1, 0
REACT_RUN_POCKET,MV_NO,1, 0
REACT_RUN_POCKET,POCKET,1, 0
REACT_RUN_POCKET,POCKET_CHAR,1, 0
REACT_RUN_POCKET,ZONE,1, 0
REACT_RUN_POCKET,IN_CASS_NO,1, 0
REACT_RUN_POCKET,IN_SLOT_NO,1, 0
REACT_RUN_POCKET,OUT_CASS_NO,1, 0
REACT_RUN_POCKET,OUT_SLOT_NO,1, 0
REACT_RUN_POCKET,WAFER_CHAR,1, 0
REACT_RUN_POCKET,WAFER_SCRIBE,1, 0
WO_LOG_CASS_NO,WO,1, 0
WO_LOG_CASS_NO,MV_NO,1, 0
WO_LOG_CASS_NO,WO_MAT_CASS_NO,1, 0
WO_LOG_CASS_NO,WO_MAT_LOT_NO,1, 0
WO_LOG_CASS_NO,WO_MAT_WAFER_QTY,1, 0
WO_LOG_CASS_NO,WO_MAT_CUST_PART_NO,1, 0
WO_LOG_CASS_NO,WO_MAT_SUB_PART_NO,1, 0
WO_LOG_CASS_NO,WO_MAT_VEND_CD,1, 0
WO_LOG_CASS_NO,WO_MAT_EPI_PART_NO,1, 0
WO_LOG_CASS_NO,WO_MAT_RX_DTM,1, 0
WO_LOG_CASS_NO,WO_MAT_REL_DTM,1, 0
WO_LOG_CASS_NO,WO_MAT_CURR_STATUS,1, 0
WO_LOG_CASS_NO,WO_MAT_SAP_TX_DTM,1, 0
WO_LOG_CASS_NO,SAP_BATCH_NO,1, 0
WO_LOG_CASS_NO,WO_MAT_SAP_YIELD,1, 0
WO_LOG_CASS_NO,WO_MAT_SAP_CONFIRM_SCRAP,1, 0
WO_LOG_CASS_NO,WO_MAT_SAP_GR_QTY,1, 0
WO_LOG_CASS_NO,WO_MAT_SAP_RAW_SCRAP_QTY,1, 0
WO_LOG_CASS_NO,WO_MAT_SAP_PROD_TEST_QTY,1, 0
WO_LOG_CASS_NO,WO_MAT_SAP_MU_QTY,1, 0
RDS_TEST,MET_NO,1, 0
RDS_TEST,RDS_NO,1, 0
RDS_TEST,LS_ID,1, 0
RDS_TEST,ZONE,1, 0
RDS_TEST,SPEC_DOPANT,1, 0
RDS_TEST,SPEC_RECIPE,1, 0
RDS_TEST,SPEC_RECIPE_NAME,1, 0
RDS_TEST,SPEC_THICK_MIN,1, 0
RDS_TEST,SPEC_THICK_TARGET,1, 0
RDS_TEST,SPEC_THICK_MAX,1, 0
RDS_TEST,SPEC_THICK_UNITS,1, 0
RDS_TEST,SPEC_THICK_MTOOL,1, 0
RDS_TEST,SPEC_THICK_MTYPE,1, 0
RDS_TEST,SPEC_THICK_MRECIPE,1, 0
RDS_TEST,SPEC_THICK_MFREQ,1, 0
RDS_TEST,SPEC_THICK_MPROVEIN,1, 0
RDS_TEST,SPEC_THICK_MFIRST,1, 0
RDS_TEST,SPEC_THICK_MLAST,1, 0
RDS_TEST,SPEC_THICK_MSPC,1, 0
RDS_TEST,SPEC_THICK_MOVERGROW,1, 0
RDS_TEST,SPEC_RES_MIN,1, 0
RDS_TEST,SPEC_RES_TARGET,1, 0
RDS_TEST,SPEC_RES_MAX,1, 0
RDS_TEST,SPEC_RES_UNITS,1, 0
RDS_TEST,SPEC_RES_MTOOL,1, 0
RDS_TEST,SPEC_RES_MTYPE,1, 0
RDS_TEST,SPEC_RES_MRECIPE,1, 0
RDS_TEST,SPEC_RES_MFREQ,1, 0
RDS_TEST,SPEC_RES_MPROVEIN,1, 0
RDS_TEST,SPEC_RES_MFIRST,1, 0
RDS_TEST,SPEC_RES_MLAST,1, 0
RDS_TEST,SPEC_RES_MSPC,1, 0
RDS_TEST,SPEC_RES_MOVERGROW,1, 0
RDS_TEST,SPEC_CON_UNITS,1, 0
RDS_TEST,SPEC_CON_MTOOL,1, 0
RDS_TEST,SPEC_CON_MTYPE,1, 0
RDS_TEST,SPEC_CON_MRECIPE,1, 0
RDS_TEST,SPEC_CON_MFREQ,1, 0
RDS_TEST,SPEC_CON_MPROVEIN,1, 0
RDS_TEST,SPEC_CON_MFIRST,1, 0
RDS_TEST,SPEC_CON_MLAST,1, 0
RDS_TEST,SPEC_CON_MSPC,1, 0
RDS_TEST,SPEC_CON_MOVERGROW,1, 0
RDS_TEST,SPEC_STRESS_MIN,1, 0
RDS_TEST,SPEC_STRESS_TARGET,1, 0
RDS_TEST,SPEC_STRESS_MAX,1, 0
RDS_TEST,SPEC_STRESS_UNITS,1, 0
RDS_TEST,SPEC_STRESS_MTOOL,1, 0
RDS_TEST,SPEC_STRESS_MTYPE,1, 0
RDS_TEST,SPEC_STRESS_MRECIPE,1, 0
RDS_TEST,SPEC_STRESS_MFREQ,1, 0
RDS_TEST,SPEC_STRESS_MPROVEIN,1, 0
RDS_TEST,SPEC_STRESS_MFIRST,1, 0
RDS_TEST,SPEC_STRESS_MLAST,1, 0
RDS_TEST,SPEC_STRESS_MSPC,1, 0
RDS_TEST,SPEC_STRESS_MOVERGROW,1, 0
RDS_TEST,THICK_OVERGROW_AVG,1, 0
RDS_TEST,HGCV_MEAN,1, 0
RDS_TEST,HGCV_STDV,1, 0
RDS_TEST,THICK_AVG,1, 0
RDS_TEST,THICK_STDV,1, 0
RDS_TEST,THICK_UNIF,1, 0
RDS_TEST,THICK_MIN,1, 0
RDS_TEST,THICK_MAX,1, 0
RDS_TEST,SHEETRHO_AVG,1, 0
RDS_TEST,SHEETRHO_STDV,1, 0
RDS_TEST,SHEETRHO_UNIF,1, 0
RDS_TEST,SHEETRHO_MIN,1, 0
RDS_TEST,SHEETRHO_MAX,1, 0
RDS_TEST,RES_AVG,1, 0
RDS_TEST,RES_STDV,1, 0
RDS_TEST,RES_UNIF,1, 0
RDS_TEST,RES_MIN,1, 0
RDS_TEST,RES_MAX,1, 0
RDS_TEST,SPEC_TRANS,1, 0
RDS_TEST,SPEC_TRANS_MEASUREMENT,1, 0
RDS_TEST,WAFER_SIZE,1, 0
RDS_TEST,SUB_ORIENTATION,1, 0
RDS_TEST,ASET_RESULTS,1, 0
RDS_TEST,REACTOR_TYPE,1, 0
RDS_TEST,TEST_POINT_MAP,1, 0
RDS_TEST,HGCV1_RES_AVG,1, 0
RDS_TEST,HGCV1_RES_STDV,1, 0
RDS_TEST,HGCV1_RES_UNIF,1, 0
RDS_TEST,HGCV1_RES_MIN,1, 0
RDS_TEST,HGCV1_RES_MAX,1, 0
RDS_TEST,SPC_DTM,1, 0
RDS_TEST,SPEC_CRES_MIN,1, 0
RDS_TEST,SPEC_CRES_TARGET,1, 0
RDS_TEST,SPEC_CRES_MAX,1, 0
RDS_TEST,SPEC_CRES_UNITS,1, 0
RDS_TEST,SPEC_CRES_MTOOL,1, 0
RDS_TEST,SPEC_CRES_MTYPE,1, 0
RDS_TEST,SPEC_CRES_MRECIPE,1, 0
RDS_TEST,SPEC_CRES_MFREQ,1, 0
RDS_TEST,SPEC_CRES_MPROVEIN,1, 0
RDS_TEST,SPEC_CRES_MFIRST,1, 0
RDS_TEST,SPEC_CRES_MLAST,1, 0
RDS_TEST,SPEC_CRES_MSPC,1, 0
RDS_TEST,SPEC_CRES_MOVERGROW,1, 0
RDS_TEST,L80_THICK,1, 0
RDS_TEST,L70_THICK,1, 0
RDS_TEST,L60_THICK,1, 0
RDS_TEST,L50_THICK,1, 0
RDS_TEST,L40_THICK,1, 0
RDS_TEST,L30_THICK,1, 0
RDS_TEST,L20_THICK,1, 0
RDS_TEST,L10_THICK,1, 0
RDS_TEST,C_THICK,1, 0
RDS_TEST,R10_THICK,1, 0
RDS_TEST,R20_THICK,1, 0
RDS_TEST,R30_THICK,1, 0
RDS_TEST,R40_THICK,1, 0
RDS_TEST,R50_THICK,1, 0
RDS_TEST,R60_THICK,1, 0
RDS_TEST,R70_THICK,1, 0
RDS_TEST,R80_THICK,1, 0
RDS_TEST,L80_RES,1, 0
RDS_TEST,L70_RES,1, 0
RDS_TEST,L60_RES,1, 0
RDS_TEST,L50_RES,1, 0
RDS_TEST,L40_RES,1, 0
RDS_TEST,L30_RES,1, 0
RDS_TEST,L20_RES,1, 0
RDS_TEST,L10_RES,1, 0
RDS_TEST,C_RES,1, 0
RDS_TEST,R10_RES,1, 0
RDS_TEST,R20_RES,1, 0
RDS_TEST,R30_RES,1, 0
RDS_TEST,R40_RES,1, 0
RDS_TEST,R50_RES,1, 0
RDS_TEST,R60_RES,1, 0
RDS_TEST,R70_RES,1, 0
RDS_TEST,R80_RES,1, 0
RDS_TEST,L80_SHEET_RHO,1, 0
RDS_TEST,L70_SHEET_RHO,1, 0
RDS_TEST,L60_SHEET_RHO,1, 0
RDS_TEST,L50_SHEET_RHO,1, 0
RDS_TEST,L40_SHEET_RHO,1, 0
RDS_TEST,L30_SHEET_RHO,1, 0
RDS_TEST,L20_SHEET_RHO,1, 0
RDS_TEST,L10_SHEET_RHO,1, 0
RDS_TEST,C_SHEET_RHO,1, 0
RDS_TEST,R10_SHEET_RHO,1, 0
RDS_TEST,R20_SHEET_RHO,1, 0
RDS_TEST,R30_SHEET_RHO,1, 0
RDS_TEST,R40_SHEET_RHO,1, 0
RDS_TEST,R50_SHEET_RHO,1, 0
RDS_TEST,R60_SHEET_RHO,1, 0
RDS_TEST,R70_SHEET_RHO,1, 0
RDS_TEST,R80_SHEET_RHO,1, 0
RDS_TEST,L80_HGCV,1, 0
RDS_TEST,L70_HGCV,1, 0
RDS_TEST,L60_HGCV,1, 0
RDS_TEST,L50_HGCV,1, 0
RDS_TEST,L40_HGCV,1, 0
RDS_TEST,L30_HGCV,1, 0
RDS_TEST,L20_HGCV,1, 0
RDS_TEST,L10_HGCV,1, 0
RDS_TEST,C_HGCV,1, 0
RDS_TEST,R10_HGCV,1, 0
RDS_TEST,R20_HGCV,1, 0
RDS_TEST,R30_HGCV,1, 0
RDS_TEST,R40_HGCV,1, 0
RDS_TEST,R50_HGCV,1, 0
RDS_TEST,R60_HGCV,1, 0
RDS_TEST,R70_HGCV,1, 0
RDS_TEST,R80_HGCV,1, 0
RDS_TEST,T_THICK,1, 0
RDS_TEST,TC_THICK,1, 0
RDS_TEST,R_THICK,1, 0
RDS_TEST,RC_THICK,1, 0
RDS_TEST,CENTER_THICK,1, 0
RDS_TEST,LC_THICK,1, 0
RDS_TEST,L_THICK,1, 0
RDS_TEST,BC_THICK,1, 0
RDS_TEST,B_THICK,1, 0
RDS_TEST,T_SHEET_RHO,1, 0
RDS_TEST,TC_SHEET_RHO,1, 0
RDS_TEST,R_SHEET_RHO,1, 0
RDS_TEST,RC_SHEET_RHO,1, 0
RDS_TEST,CENTER_SHEET_RHO,1, 0
RDS_TEST,LC_SHEET_RHO,1, 0
RDS_TEST,L_SHEET_RHO,1, 0
RDS_TEST,BC_SHEET_RHO,1, 0
RDS_TEST,B_SHEET_RHO,1, 0
RDS_TEST,T_HGCV,1, 0
RDS_TEST,TC_HGCV,1, 0
RDS_TEST,R_HGCV,1, 0
RDS_TEST,RC_HGCV,1, 0
RDS_TEST,CENTER_HGCV,1, 0
RDS_TEST,LC_HGCV,1, 0
RDS_TEST,L_HGCV,1, 0
RDS_TEST,BC_HGCV,1, 0
RDS_TEST,B_HGCV,1, 0
RDS_TEST,T_RES,1, 0
RDS_TEST,TC_RES,1, 0
RDS_TEST,R_RES,1, 0
RDS_TEST,RC_RES,1, 0
RDS_TEST,CENTER_RES,1, 0
RDS_TEST,LC_RES,1, 0
RDS_TEST,L_RES,1, 0
RDS_TEST,BC_RES,1, 0
RDS_TEST,B_RES,1, 0
RDS_TEST,CASS_NO,1, 0
RDS_TEST,CUST_NO,1, 0
RDS_TEST,DEP_TIME,1, 0
RDS_TEST,GROWTH_RATE,1, 0
RDS_TEST,MET_COMPLETE,1, 0
RDS_TEST,PART_NO,1, 0
RDS_TEST,PS_NO,1, 0
RDS_TEST,RDS_LAYER,1, 0
RDS_TEST,REACTOR,1, 0
RDS_TEST,SPEC_TYPE,1, 0
RDS_TEST,WAFER_TYPE,1, 0
RDS_TEST,WO_NO,1, 0
COMPANY_SHIPPER_INFO,MV_NO,1, 0
COMPANY_SHIPPER_INFO,CO_NO,1, 0
COMPANY_SHIPPER_INFO,SHIPPER_INFO,1, 0
COMPANY_SHIPPER_INFO,ACCOUNT_NO,1, 0
WO_LOG_CUST_PART_NUMS,WO,1, 0
WO_LOG_CUST_PART_NUMS,MV_NO,1, 0
WO_LOG_CUST_PART_NUMS,CUST_PART_NUMS,1, 0
QUARTZ_TC_LOG,SEQ,1, 0
QUARTZ_TC_LOG,ENTRY_ID,1, 0
QUARTZ_TC_LOG,ENTRY_DATE,1, 0
QUARTZ_TC_LOG,ENTRY_TIME,1, 0
QUARTZ_TC_LOG,REACTOR,1, 0
QUARTZ_TC_LOG,REPLACED_ALL,1, 0
QUARTZ_TC_LOG,NOTES,1, 0
QUARTZ_TC_LOG,REPLACED_FRONT,1, 0
QUARTZ_TC_LOG,REPLACED_SIDE,1, 0
QUARTZ_TC_LOG,REPLACED_REAR,1, 0
QUARTZ_TC_LOG,REPLACED_CENTER,1, 0
QUARTZ_TC_LOG,TC_HOURS,1, 0
QUARTZ_TC_LOG,REPLACEMENT_REASON,1, 0
QUARTZ_TC_LOG,SCHEDULED,1, 0
REACT_STATUS,REACT_NO,1, 0
REACT_STATUS,OUT_OF_PROD_DTM,1, 0
COMPANY,CO_NO,1, 0
COMPANY,ENTRY_DATE,1, 0
COMPANY,ENTRY_ID,1, 0
COMPANY,CATEGORY,1, 0
COMPANY,CO_NAME,1, 0
COMPANY,CITY,1, 0
COMPANY,STATE,1, 0
COMPANY,ZIP,1, 0
COMPANY,CO_TYPE,1, 0
COMPANY,DIVISION,1, 0
COMPANY,TERMS,1, 0
COMPANY,BILL_TO_ATTN,1, 0
COMPANY,BILL_TO_CO,1, 0
COMPANY,BILL_TO_CITY,1, 0
COMPANY,BILL_TO_STATE,1, 0
COMPANY,BILL_TO_ZIP,1, 0
COMPANY,SHIP_TO_ATTN,1, 0
COMPANY,SHIP_TO_CO,1, 0
COMPANY,SHIP_TO_CITY,1, 0
COMPANY,SHIP_TO_STATE,1, 0
COMPANY,SHIP_TO_ZIP,1, 0
COMPANY,COUNTRY,1, 0
COMPANY,VREMIT_CITY,1, 0
COMPANY,VREMIT_STATE,1, 0
COMPANY,VREMIT_ZIP,1, 0
COMPANY,VREMIT_PHONE,1, 0
COMPANY,VACCT_NO,1, 0
COMPANY,VREMIT_PHONE_TYPES,1, 0
COMPANY,VREMIT_COMPANY,1, 0
COMPANY,INVOICE_NOTES,1, 0
COMPANY,SALES_REP,1, 0
COMPANY,ABBREV,1, 0
COMPANY,BUSINESS_DESC,1, 0
COMPANY,DIRECTIONS,1, 0
COMPANY,ACCT_REP,1, 0
COMPANY,SALES_OFFICE,1, 0
COMPANY,PRODUCT,1, 0
COMPANY,APPLICATION,1, 0
COMPANY,INDUSTRY,1, 0
COMPANY,ENDUSER_CUST,1, 0
COMPANY,CUST_COMPETITION,1, 0
COMPANY,OUR_COMPETITION,1, 0
COMPANY,MANUF_TYPE,1, 0
COMPANY,STATUS,1, 0
COMPANY,ORACLE_SITE_ID,1, 0
COMPANY,SHIPPING_EXPORT_TEMPLATE,1, 0
COMPANY,COA_FOLDER,1, 0
COMPANY,VISION_CUST_NO,1, 0
COMPANY,BILL_TO_CUST_NO,1, 0
COMPANY,CAPTIVE,1, 0
COMPANY,CONSIGNMENT,1, 0
COMPANY,MU_WAFERS,1, 0
COMPANY,REPORT_EXCLUDE,1, 0
COMPANY,INCO_CODE,1, 0
COMPANY,SAP_CUST_NO,1, 0
COMPANY,VEND_CD,1, 0
WO_LOG_PART_STEP_NO,WO,1, 0
WO_LOG_PART_STEP_NO,MV_NO,1, 0
WO_LOG_PART_STEP_NO,PROD_VER_STEP_NO,1, 0
WO_LOG_PART_STEP_NO,PROD_VER_STEP_PSN,1, 0
WO_LOG_PART_STEP_NO,PROD_VER_STEP_DOPANT,1, 0
WO_LOG_PART_STEP_NO,PROD_VER_STEP_THICK_TARG,1, 0
WO_LOG_PART_STEP_NO,PROD_VER_STEP_THICK_UNITS,1, 0
WO_LOG_PART_STEP_NO,PROD_VER_STEP_RES_TARG,1, 0
WO_LOG_PART_STEP_NO,PROD_VER_STEP_RES_UNITS,1, 0
WO_LOG_PART_STEP_NO,PROD_VER_STEP_DESC,1, 0
WO_LOG_PART_STEP_NO,WO_STEP_CURR_STATUS,1, 0
WO_LOG_PART_STEP_NO,WO_STEP_SCHEDULED,1, 0
WO_LOG_PART_STEP_NO,WO_STEP_SCHED_DTM,1, 0
CUST_PART,CUST_NO,1, 0
CUST_PART,CUST_PART_NO,1, 0
CUST_PART,DESC,1, 0
CUST_PART,INBOUND_CUST_PART_NO,1, 0
CUST_PART,WO_MIN_WFRS,1, 0
CUST_PART,WO_MAX_WFRS,1, 0
CUST_PART,PS_NO,1, 0
CUST_PART,BILL_TO_ADDRESS1,1, 0
CUST_PART,BILL_TO_ADDRESS2,1, 0
CUST_PART,BILL_TO_ADDRESS3,1, 0
CUST_PART,BILL_TO_ATTN,1, 0
CUST_PART,BILL_TO_CITY,1, 0
CUST_PART,BILL_TO_COMPANY,1, 0
CUST_PART,BILL_TO_STATE,1, 0
CUST_PART,BILL_TO_ZIP,1, 0
CUST_PART,BLOCKED_REACTS,1, 0
CUST_PART,CUST_ABBREV,1, 0
CUST_PART,CUST_ACCT_REP,1, 0
CUST_PART,CUST_ADDR1,1, 0
CUST_PART,CUST_ADDR2,1, 0
CUST_PART,CUST_ADDR3,1, 0
CUST_PART,CUST_BILL_TO_CUST_NO,1, 0
CUST_PART,CUST_CAPTIVE,1, 0
CUST_PART,CUST_CATEGORY,1, 0
CUST_PART,CUST_CITY,1, 0
CUST_PART,CUST_CONSIGNMENT,1, 0
CUST_PART,CUST_COUNTRY,1, 0
CUST_PART,CUST_DIVISION,1, 0
CUST_PART,CUST_INCO_CODE,1, 0
CUST_PART,CUST_INCO_DESC,1, 0
CUST_PART,CUST_INTL_PHONE1,1, 0
CUST_PART,CUST_INTL_PHONE2,1, 0
CUST_PART,CUST_INTL_PHONE_TYPE1,1, 0
CUST_PART,CUST_INTL_PHONE_TYPE2,1, 0
CUST_PART,CUST_INVOICE_NOTES,1, 0
CUST_PART,CUST_MU_WAFERS,1, 0
CUST_PART,CUST_NAME,1, 0
CUST_PART,CUST_NOTE,1, 0
CUST_PART,CUST_PHONE1,1, 0
CUST_PART,CUST_PHONE2,1, 0
CUST_PART,CUST_PHONE_TYPE1,1, 0
CUST_PART,CUST_PHONE_TYPE2,1, 0
CUST_PART,CUST_REPORT_EXCLUDE,1, 0
CUST_PART,CUST_STATE,1, 0
CUST_PART,CUST_STATUS,1, 0
CUST_PART,CUST_TYPE,1, 0
CUST_PART,CUST_ZIP,1, 0
CUST_PART,PART_DESC,1, 0
CUST_PART,PART_EPI_PART,1, 0
CUST_PART,PART_OLD_DATA,1, 0
CUST_PART,PART_PSN,1, 0
CUST_PART,PART_REACT_TYPE,1, 0
CUST_PART,PART_SUB_PART_NO,1, 0
CUST_PART,QUAL_REACTS,1, 0
CUST_PART,SHIP_ACCT_NO1,1, 0
CUST_PART,SHIP_ACCT_NO2,1, 0
CUST_PART,SHIP_ACCT_NO3,1, 0
CUST_PART,SHIP_TO_ADDR1,1, 0
CUST_PART,SHIP_TO_ADDR2,1, 0
CUST_PART,SHIP_TO_ADDR3,1, 0
CUST_PART,SHIP_TO_ATTN,1, 0
CUST_PART,SHIP_TO_CITY,1, 0
CUST_PART,SHIP_TO_COMPANY,1, 0
CUST_PART,SHIP_TO_STATE,1, 0
CUST_PART,SHIP_TO_ZIP,1, 0
CUST_PART,SHIPPER_INFO1,1, 0
CUST_PART,SHIPPER_INFO2,1, 0
CUST_PART,SHIPPER_INFO3,1, 0
CUST_PART,SPEC_DESC1,1, 0
CUST_PART,SPEC_DESC2,1, 0
CUST_PART,SPEC_DESC3,1, 0
CUST_PART,SPEC_HARDCOPY1,1, 0
CUST_PART,SPEC_HARDCOPY2,1, 0
CUST_PART,SPEC_HARDCOPY3,1, 0
CUST_PART,SPEC_NO1,1, 0
CUST_PART,SPEC_NO2,1, 0
CUST_PART,SPEC_NO3,1, 0
CUST_PART,SPEC_REV1,1, 0
CUST_PART,SPEC_REV2,1, 0
CUST_PART,SPEC_REV3,1, 0
CUST_PART,SPEC_REV_DT1,1, 0
CUST_PART,SPEC_REV_DT2,1, 0
CUST_PART,SPEC_REV_DT3,1, 0
CUST_PART,SALES_NOTES,1, 0
CUST_PART,SHIP_BAG_REQ,1, 0
CUST_PART,SHIP_FULL_TYPE,1, 0
CUST_PART,SHIP_PARTIAL,1, 0
CUST_PART,SHIP_NCR_REJ,1, 0
CUST_PART,PART_NO,1, 0
CUST_PART,SPEC_SHIP_INST,1, 0
COC_CARTON_DATA,MV_NO,1, 0
COC_CARTON_DATA,SEQ,1, 0
COC_CARTON_DATA,CARTON_DATA,1, 0
QUARTZ_WAND_LOG,SEQ,1, 0
QUARTZ_WAND_LOG,ENTRY_ID,1, 0
QUARTZ_WAND_LOG,ENTRY_DATE,1, 0
QUARTZ_WAND_LOG,ENTRY_TIME,1, 0
QUARTZ_WAND_LOG,REACTOR_LOG_ID,1, 0
QUARTZ_WAND_LOG,REACTOR,1, 0
QUARTZ_WAND_LOG,REACT_ITEM_ID,1, 0
QUARTZ_WAND_LOG,REPLACEMENT_REASON,1, 0
QUARTZ_WAND_LOG,STATUS,1, 0
QUARTZ_WAND_LOG,NOTES,1, 0
QUARTZ_WAND_LOG,TECH_SIG,1, 0
QUARTZ_WAND_LOG,QUARTZ_SIG,1, 0
REACT_RUN_CI_STAGES,RDS_NO,1, 0
REACT_RUN_CI_STAGES,MV_NO,1, 0
REACT_RUN_CI_STAGES,CI_NO,1, 0
REACT_RUN_CI_STAGES,CI_STAGE,1, 0
PROD_VER_SHIP_SUB_PART_NO,PROD_VER_NO,1, 0
PROD_VER_SHIP_SUB_PART_NO,MV_NO,1, 0
PROD_VER_SHIP_SUB_PART_NO,SHIP_SUB_PART_NO,1, 0
WO_LOG_RX_STAMP,WO,1, 0
WO_LOG_RX_STAMP,MV_NO,1, 0
WO_LOG_RX_STAMP,RX_STAMP,1, 0
COC_ORDER_ITEMS,MV_NO,1, 0
COC_ORDER_ITEMS,SEQ,1, 0
COC_ORDER_ITEMS,ORDER_ITEM,1, 0
COC_ORDER_ITEMS,ITEM_WFR_QTY,1, 0
COC_ORDER_ITEMS,ITEM_MISC_QTY,1, 0
COC_ORDER_ITEMS,ITEM_UNIT_PRICE,1, 0
CUST_PART_SPEC_DETAIL,CUST_NO,1, 0
CUST_PART_SPEC_DETAIL,CUST_PART_NO,1, 0
CUST_PART_SPEC_DETAIL,MV_NO,1, 0
CUST_PART_SPEC_DETAIL,SPEC_NO,1, 0
CUST_PART_SPEC_DETAIL,SPEC_REV,1, 0
CUST_PART_SPEC_DETAIL,SPEC_REV_DT,1, 0
CUST_PART_SPEC_DETAIL,SPEC_DESC,1, 0
CUST_PART_SPEC_DETAIL,SPEC_HARDCOPY,1, 0
WO_LOG_CASS_ID_SAP,WO,1, 0
WO_LOG_CASS_ID_SAP,MV_NO,1, 0
WO_LOG_CASS_ID_SAP,CASS_ID_SAP,1, 0
vw_Ship,SEQ,1, 0
vw_Ship,ENTRY_ID,1, 0
vw_Ship,ENTRY_DATE,1, 0
vw_Ship,PO,1, 0
vw_Ship,WO,1, 0
vw_Ship,CUST_NO_ORG,1, 0
vw_Ship,SHIPMENT,1, 0
vw_Ship,SHIP_VIA,1, 0
vw_Ship,PICK_BY,1, 0
vw_Ship,PICK_DTM,1, 0
vw_Ship,SHIP_DT,1, 0
vw_Ship,VISION_DTM,1, 0
vw_Ship,VISION_ORD_REL_NO,1, 0
vw_Ship,REACTOR_TYPE,1, 0
vw_Ship,SHIP_VIA_ACCT_NO,1, 0
vw_Ship,SAP_DEL_NO,1, 0
vw_Ship,CUST_NO,1, 0
vw_Ship,CUST_PART_NO,1, 0
vw_Ship,PROD_ORD_NO,1, 0
vw_Ship,PROD_SPEC_ID,1, 0
vw_Ship,COMMIT_DATE,1, 0
vw_Ship,SHIP_QTY,1, 0
vw_Ship,WAFER_QTY,1, 0
WO_LOG_REL_STAMP,WO,1, 0
WO_LOG_REL_STAMP,MV_NO,1, 0
WO_LOG_REL_STAMP,REL_STAMP,1, 0
COC_SHIPPING_DETAILS,MV_NO,1, 0
COC_SHIPPING_DETAILS,SEQ,1, 0
COC_SHIPPING_DETAILS,ORDER_NO,1, 0
COC_SHIPPING_DETAILS,ORDER_LINE,1, 0
COC_SHIPPING_DETAILS,RDS_NO,1, 0
COC_SHIPPING_DETAILS,PART_NUM,1, 0
COC_SHIPPING_DETAILS,LOT_NUM,1, 0
COC_SHIPPING_DETAILS,REACTOR,1, 0
COC_SHIPPING_DETAILS,REJECTS,1, 0
COC_SHIPPING_DETAILS,WAFER_QTY,1, 0
RDS_LAYER_MODIFY_USER,RDS_NO,1, 0
RDS_LAYER_MODIFY_USER,LS_ID,1, 0
RDS_LAYER_MODIFY_USER,MV_NO,1, 0
RDS_LAYER_MODIFY_USER,MODIFY_USER,1, 0
RDS_LAYER_MODIFY_USER,MODIFY_DTM,1, 0
WO_LOG_REACTOR_TYPES,WO,1, 0
WO_LOG_REACTOR_TYPES,MV_NO,1, 0
WO_LOG_REACTOR_TYPES,REACTOR_TYPE,1, 0
REACTOR_LOG_ITEMS,SEQ,1, 0
REACTOR_LOG_ITEMS,MV_NO,1, 0
REACTOR_LOG_ITEMS,REACT_ITEM_IDS,1, 0
REACTOR_LOG_ITEMS,REACT_SERV_ID,1, 0
REACTOR_LOG_ITEMS,REACT_ITEM_QTY,1, 0
REACTOR_LOG_ITEMS,SCHEDULED,1, 0
REACTOR_LOG_ITEMS,REACT_SERV_CAT_ID,1, 0
REACTOR_LOG_ITEMS,REACT_PROB_CAT_ID,1, 0
REACTOR_LOG_ITEMS,REACT_PROB_CAT_DESC,1, 0
REACTOR_LOG_ITEMS,REACT_SERV_DESC,1, 0
REACTOR_LOG_ITEMS,REACTOR,1, 0
REACTOR_LOG_ITEMS,ENTRY_DATE,1, 0
EPI_PART,EPI_PN,1, 0
EPI_PART,EPI_PART_DESC,1, 0
EPI_PART,SUB_SPEC_NO,1, 0
EPI_PART,SUB_SUPP_BY,1, 0
EPI_PART,PRODUCT,1, 0
EPI_PART,SUB_WAFER_SIZE,1, 0
EPI_PART,SUB_ORIENTATION,1, 0
EPI_PART,SUB_DOPE_TYPE,1, 0
EPI_PART,SUB_RES,1, 0
EPI_PART,SUB_RES_UNITS,1, 0
EPI_PART,SUB_DOPANT,1, 0
EPI_PART,SUB_POLISH,1, 0
EPI_PART,SUB_THICK,1, 0
EPI_PART,SUB_OXIDE,1, 0
EPI_PART,SUB_BACKSEAL,1, 0
EPI_PART,SUB_OXIDE_ANGSTROMS,1, 0
EPI_PART,SUB_MATERIAL,1, 0
EPI_PART,SPEC_TYPE,1, 0
EPI_PART,SAP_MATERIAL,1, 0
EPI_PART,EXPORT_CONTROL,1, 0
WO_LOG_CUST_LOT_NO,WO,1, 0
WO_LOG_CUST_LOT_NO,MV_NO,1, 0
WO_LOG_CUST_LOT_NO,CUST_LOT_NO,1, 0
WO_LOG_CUST_LOT_NO,CUST_LOT_QTY,1, 0
COC_TEST_REJ_WFRS,MV_NO,1, 0
COC_TEST_REJ_WFRS,SEQ,1, 0
COC_TEST_REJ_WFRS,TEST_REJ_WFR_QTY,1, 0
COC_TEST_REJ_WFRS,TEST_REJ_WFR_UNIT_PRICE,1, 0
vw_HTR_UPHModel,LoadTime,1, 0
vw_HTR_UPHModel,RampTime,1, 0
vw_HTR_UPHModel,UnloadTime,1, 0
vw_HTR_UPHModel,NonVarTime,1, 0
vw_HTR_UPHModel,ChangeOverTime,1, 0
vw_HTR_UPHModel,Runs,1, 0
vw_HTR_UPHModel,TotRunTime,1, 0
vw_HTR_UPHModel,PrevOut,1, 0
vw_HTR_UPHModel,PT2,1, 0
vw_HTR_UPHModel,id,1, 0
vw_HTR_UPHModel,REACTOR,1, 0
vw_HTR_UPHModel,LOT_NUM,1, 0
vw_HTR_UPHModel,REACTOR_TYPE,1, 0
vw_HTR_UPHModel,OutTime,1, 0
vw_HTR_UPHModel,InTime,1, 0
vw_HTR_UPHModel,PT,1, 0
vw_HTR_UPHModel,cass_wafer_qty,1, 0
vw_HTR_UPHModel,RECIPE_NO,1, 0
vw_HTR_UPHModel,THICK_TARGET_TOT,1, 0
vw_HTR_UPHModel,THICK_AVG,1, 0
vw_HTR_UPHModel,WAFER_MM,1, 0
vw_HTR_UPHModel,DepTime,1, 0
vw_HTR_UPHModel,EtchTime,1, 0
EPI_PART_QUOTE_NO,EPI_PN,1, 0
EPI_PART_QUOTE_NO,MV_NO,1, 0
EPI_PART_QUOTE_NO,QUOTE_NO,1, 0
WO_LOG_PS_TYPES,WO,1, 0
WO_LOG_PS_TYPES,MV_NO,1, 0
WO_LOG_PS_TYPES,PS_TYPE,1, 0
REACTOR_LOG,SEQ,1, 0
REACTOR_LOG,START_DATE,1, 0
REACTOR_LOG,START_TIME,1, 0
REACTOR_LOG,END_DATE,1, 0
REACTOR_LOG,END_TIME,1, 0
REACTOR_LOG,REACTOR,1, 0
REACTOR_LOG,CATEGORY,1, 0
REACTOR_LOG,REACT_HRS_START,1, 0
REACTOR_LOG,NOTES,1, 0
REACTOR_LOG,ENTRY_ID,1, 0
REACTOR_LOG,ENTRY_DATE,1, 0
REACTOR_LOG,CUST_NO,1, 0
REACTOR_LOG,WO,1, 0
REACTOR_LOG,RDS_NO,1, 0
REACTOR_LOG,TECH_SIG,1, 0
REACTOR_LOG,REACT_PROB_ID,1, 0
REACTOR_LOG,REACT_HRS_END,1, 0
REACTOR_LOG,TOP_FLAT_IN,1, 0
REACTOR_LOG,TOP_FLAT_OUT,1, 0
REACTOR_LOG,LOW_BOTTOM_FLAT_IN,1, 0
REACTOR_LOG,LOW_BOTTOM_FLAT_OUT,1, 0
REACTOR_LOG,TUBE_GRADE,1, 0
REACTOR_LOG,REACT_UTIL_ID,1, 0
REACTOR_LOG,LL_TUBE_COND,1, 0
REACTOR_LOG,LL_RECIRCULATION,1, 0
REACTOR_LOG,LL_TUBE_LEAK,1, 0
REACTOR_LOG,LL_GRAPHITE_PITS,1, 0
REACTOR_LOG,LL_GOLD_COND,1, 0
REACTOR_LOG,LL_ROTATION,1, 0
REACTOR_LOG,LL_GRAPHITE_ADJ,1, 0
REACTOR_LOG,LL_SHADOW,1, 0
REACTOR_LOG,AW_EXTEND_HOME,1, 0
REACTOR_LOG,AW_LEFT_EXTEND,1, 0
REACTOR_LOG,AW_RIGHT_EXTEND,1, 0
REACTOR_LOG,AW_LONG_EXTEND,1, 0
REACTOR_LOG,AW_SHORT_EXTEND,1, 0
REACTOR_LOG,AW_EDGE_EXTEND,1, 0
REACTOR_LOG,AW_LSTEPS,1, 0
REACTOR_LOG,AW_ROTATE_EDGE,1, 0
REACTOR_LOG,AW_GSTEPS,1, 0
REACTOR_LOG,AW_PICKUP_DELAY,1, 0
REACTOR_LOG,AW_GAS_ON,1, 0
REACTOR_LOG,AW_GAS_OFF,1, 0
REACTOR_LOG,AW_DROPOFF_DELAY,1, 0
REACTOR_LOG,AW_VELOCITY_EXTEND,1, 0
REACTOR_LOG,AW_ACCELERATION_EXTEND,1, 0
REACTOR_LOG,AW_VELOCITY_ROTATE,1, 0
REACTOR_LOG,AW_ACCELERATION_ROTATE,1, 0
REACTOR_LOG,REACTORHOURS,1, 0
REACTOR_LOG,REACT_CYCLES_READ,1, 0
REACTOR_LOG,ELAPSED_HOURS,1, 0
COC_TRACKING_DETAILS,MV_NO,1, 0
COC_TRACKING_DETAILS,SEQ,1, 0
COC_TRACKING_DETAILS,TRACKING_NOS,1, 0
COC_TRACKING_DETAILS,TRACK_NO_BOX_CNT,1, 0
COC_TRACKING_DETAILS,TRACK_NO_SHIP_WT,1, 0
COC_TRACKING_DETAILS,TRACK_NO_LEN,1, 0
COC_TRACKING_DETAILS,TRACK_NO_WIDTH,1, 0
COC_TRACKING_DETAILS,TRACK_NO_HEIGHT,1, 0
EPI_PART_PROD_VER_NO,EPI_PN,1, 0
EPI_PART_PROD_VER_NO,MV_NO,1, 0
EPI_PART_PROD_VER_NO,PROD_VER_NO,1, 0
WO_LOG_WO_MAT_SAP_TOT_WFR_QTYS,WO,1, 0
WO_LOG_WO_MAT_SAP_TOT_WFR_QTYS,MV_NO,1, 0
WO_LOG_WO_MAT_SAP_TOT_WFR_QTYS,WO_MAT_SAP_TOT_WFR_QTY,1, 0
WO_LOG_ORDER_ITEMS,WO,1, 0
WO_LOG_ORDER_ITEMS,MV_NO,1, 0
WO_LOG_ORDER_ITEMS,ORDER_ITEM,1, 0
WO_LOG_ORDER_ITEMS,ORDER_ITEM_CUST_PN,1, 0
WO_LOG_ORDER_ITEMS,ORDER_ITEM_SUB_PART_NO,1, 0
WO_LOG_ORDER_ITEMS,ORDER_ITEM_PROMISE_DT,1, 0
WO_LOG_ORDER_ITEMS,ORDER_ITEM_QTY,1, 0
REACT_EVENT_REACT_LOG_KEY,REACT_NO,1, 0
REACT_EVENT_REACT_LOG_KEY,EVENT_DTM,1, 0
REACT_EVENT_REACT_LOG_KEY,MV_NO,1, 0
REACT_EVENT_REACT_LOG_KEY,REACT_LOG_KEY,1, 0
REACT_EVENT_REACT_LOG_KEY,REACT_LOG_NOTES_MTC,1, 0
WO_LOG_PSN_SUB_PART_NO,WO,1, 0
WO_LOG_PSN_SUB_PART_NO,MV_NO,1, 0
WO_LOG_PSN_SUB_PART_NO,PSN_SUB_PART_NO,1, 0
WO_LOG_PSN_SUB_PART_NO,PSN_SUB_PART_MFG,1, 0
EPI_PART_INACTIVE_PROD_VER_NO,EPI_PN,1, 0
EPI_PART_INACTIVE_PROD_VER_NO,MV_NO,1, 0
EPI_PART_INACTIVE_PROD_VER_NO,INACTIVE_PROD_VER_NO,1, 0
WO_MAT_REP_STATUS,WO_NO,1, 0
WO_MAT_REP_STATUS,CASS_NO,1, 0
WO_MAT_REP_STATUS,MV_NO,1, 0
WO_MAT_REP_STATUS,REP_STATUS,1, 0
COC_RDS_DETAILS,MV_NO,1, 0
COC_RDS_DETAILS,SEQ,1, 0
COC_RDS_DETAILS,WO_STEP,1, 0
COC_RDS_DETAILS,CASS_NO,1, 0
COC_RDS_DETAILS,RDS_NO,1, 0
COC_RDS_DETAILS,CASS_RETURNED,1, 0
REACT_EVENT_REACT_UTIL_KEY,REACT_NO,1, 0
REACT_EVENT_REACT_UTIL_KEY,EVENT_DTM,1, 0
REACT_EVENT_REACT_UTIL_KEY,MV_NO,1, 0
REACT_EVENT_REACT_UTIL_KEY,REACT_UTIL_KEY,1, 0
REACT_EVENT_REACT_UTIL_KEY,MC_MODE,1, 0
REACT_EVENT_REACT_UTIL_KEY,MC_USER,1, 0
CUSTOMER_NOTES,MV_NO,1, 0
CUSTOMER_NOTES,CUST_NO,1, 0
CUSTOMER_NOTES,NOTE,1, 0
EPI_PART_SUB_BL_DOPANT,EPI_PN,1, 0
EPI_PART_SUB_BL_DOPANT,MV_NO,1, 0
EPI_PART_SUB_BL_DOPANT,SUB_BL_DOPANT,1, 0
WO_MAT_REP_CURR_WFR_CNTS,WO_NO,1, 0
WO_MAT_REP_CURR_WFR_CNTS,CASS_NO,1, 0
WO_MAT_REP_CURR_WFR_CNTS,MV_NO,1, 0
WO_MAT_REP_CURR_WFR_CNTS,REP_CURR_WFR_CNT,1, 0
WO_LOG_PROC_STEP,WO,1, 0
WO_LOG_PROC_STEP,MV_NO,1, 0
WO_LOG_PROC_STEP,QUOTE_STEP,1, 0
WO_LOG_PROC_STEP,QUOTE_STEP_PSN,1, 0
WO_LOG_PROC_STEP,QUOTE_STEP_DOPANT,1, 0
WO_LOG_PROC_STEP,THICK_TARGET_L1,1, 0
WO_LOG_PROC_STEP,THICK_UNITS_L1,1, 0
WO_LOG_PROC_STEP,RES_TARGET_L1,1, 0
WO_LOG_PROC_STEP,RES_UNITS_L1,1, 0
WO_LOG_PROC_STEP,WO_STEP_DESC,1, 0
WO_LOG_ADD_CHG,WO,1, 0
WO_LOG_ADD_CHG,MV_NO,1, 0
WO_LOG_ADD_CHG,ADD_CHG_DESC,1, 0
WO_LOG_ADD_CHG,ADD_CHG_AMT,1, 0
WO_LOG_ADD_CHG,ADD_CHG_ORD_ITEM,1, 0
NCR_AUDIT,SEQ,1, 0
NCR_AUDIT,RECORD_ID,1, 0
NCR_AUDIT,DATE_ADDED,1, 0
NCR_AUDIT,OLD_ENTRY_DTM,1, 0
NCR_AUDIT,NEW_ENTRY_DTM,1, 0
NCR_AUDIT,OLD_LAST_QTY_DTM,1, 0
NCR_AUDIT,NEW_LAST_QTY_DTM,1, 0
NCR_AUDIT,CASS_ID_SAP,1, 0
NCR_AUDIT,LOSS_COMMENTS,1, 0
NCR_AUDIT,AC_COMMENTS,1, 0
NCR_AUDIT,DEPT_RESP,1, 0
NCR_AUDIT,AC_CODE,1, 0
NCR_AUDIT,LOSS_CODE,1, 0
NCR_AUDIT,AC_DESC,1, 0
NCR_AUDIT,LOSS_DESC,1, 0
NCR_AUDIT,TOT_REJ,1, 0
NCR_AUDIT,CUST_NAME,1, 0
NCR_AUDIT,ENTRY_ID,1, 0
NCR_AUDIT,GENERAL_COMMENTS,1, 0
NCR_AUDIT,VERIFIED_COMMENTS,1, 0
NCR_AUDIT,DEPT_MGR_COMMENTS,1, 0
REACT_EVENT_REACT_LOG_PD_KEY,REACT_NO,1, 0
REACT_EVENT_REACT_LOG_PD_KEY,EVENT_DTM,1, 0
REACT_EVENT_REACT_LOG_PD_KEY,MV_NO,1, 0
REACT_EVENT_REACT_LOG_PD_KEY,REACT_LOG_PD_KEY,1, 0
REACT_EVENT_REACT_LOG_PD_KEY,REACT_LOG_NOTES_PD,1, 0
CUSTOMER_CARRIERS,MV_NO,1, 0
CUSTOMER_CARRIERS,CUST_NO,1, 0
CUSTOMER_CARRIERS,CARRIER,1, 0
CUSTOMER_CARRIERS,CARRIER_ACCT,1, 0
CALIB_LIST_ORG_NEXT_CAL_DT,MV_NO,1, 0
CALIB_LIST_ORG_NEXT_CAL_DT,CL_NO,1, 0
CALIB_LIST_ORG_NEXT_CAL_DT,ORG_NEXT_CAL_DT,1, 0
REACT_TUBE,REACT_NO,1, 0
WO_MAT_REACTORS,WO_NO,1, 0
WO_MAT_REACTORS,CASS_NO,1, 0
WO_MAT_REACTORS,MV_NO,1, 0
WO_MAT_REACTORS,REACTOR,1, 0
WO_MAT_REACTORS,CASS_ID_SAP,1, 0
WO_LOG_WO_STEP,WO,1, 0
WO_LOG_WO_STEP,MV_NO,1, 0
WO_LOG_WO_STEP,WO_STEP,1, 0
WO_LOG_WO_STEP,WO_STEP_PSN,1, 0
WO_LOG_WO_STEP,WO_STEP_CURR_STATUS,1, 0
WO_LOG_WO_STEP,WO_STEP_SCHEDULED,1, 0
WO_LOG_WO_STEP,WO_STEP_SCHED_DTM,1, 0
WO_LOG_QUOTE_NO,WO,1, 0
WO_LOG_QUOTE_NO,MV_NO,1, 0
WO_LOG_QUOTE_NO,QUOTE_NO,1, 0
RDS_TEST_MODIFY,MET_NO,1, 0
RDS_TEST_MODIFY,MV_NO,1, 0
RDS_TEST_MODIFY,MODIFY_USER,1, 0
RDS_TEST_MODIFY,MODIFY_DTM,1, 0
NCR,SEQ,1, 0
NCR,ENTRY_ID,1, 0
NCR,ENTRY_DATE,1, 0
NCR,ENTRY_TIME,1, 0
NCR,DEPT,1, 0
NCR,SHIFT,1, 0
NCR,STATUS,1, 0
NCR,LOSS_COMMENTS,1, 0
NCR,AC_COMMENTS,1, 0
NCR,DEPT_RESP,1, 0
NCR,DEPT_MGR_SIG,1, 0
NCR,AUTH_SHIP_SIG,1, 0
NCR,AUTH_REWORK_SIG,1, 0
NCR,AUTH_REJ_SIG,1, 0
NCR,AUTH_DEV_SIG,1, 0
NCR,VP_SIG,1, 0
NCR,GENERAL_COMMENTS,1, 0
NCR,VERIFIED_COMMENTS,1, 0
NCR,LOSS_CODE_ORIG,1, 0
NCR,AC_CODE_ORIG,1, 0
NCR,DEPT_MGR_COMMENTS,1, 0
NCR,CONTAIN_ACTIONS,1, 0
NCR,TTHICK_AVG,1, 0
NCR,TTHICK_STDEV,1, 0
NCR,TTHICK_MAX,1, 0
NCR,TTHICK_MIN,1, 0
NCR,TTHICK_UNIF,1, 0
NCR,TRES_AVG,1, 0
NCR,TRES_STDEV,1, 0
NCR,TRES_MAX,1, 0
NCR,TRES_MIN,1, 0
NCR,TRES_UNIF,1, 0
NCR,LPD,1, 0
NCR,PITS,1, 0
NCR,MOUNDS,1, 0
NCR,BL_DEFECTS,1, 0
NCR,STACK_FAULTS,1, 0
NCR,SPIKES,1, 0
NCR,SPOTS,1, 0
NCR,SPOT_FOV,1, 0
NCR,SCRATCHES,1, 0
NCR,SCRATCH_LEN,1, 0
NCR,SURF_DEFECTS,1, 0
NCR,SURF_HAZE,1, 0
NCR,UNIT_TYPE,1, 0
NCR,LOSS_BY,1, 0
NCR,LOSS_STAGE,1, 0
NCR,AC_CODE,1, 0
NCR,LOSS_CODE,1, 0
NCR,WO_NO,1, 0
NCR,WO_STEP,1, 0
NCR,WO_MAT_CASS_NO,1, 0
NCR,MU_CASS,1, 0
NCR,MU_SLOT,1, 0
NCR,TOT_REJ,1, 0
NCR,AC_DESC,1, 0
NCR,CUST_ID,1, 0
NCR,CUST_NAME,1, 0
NCR,LOSS_DESC,1, 0
NCR,PROD_SPEC_NO,1, 0
NCR,REACTOR_TYPE,1, 0
NCR,SAP_BATCH_NO,1, 0
NCR,REC_VER,1, 0
NCR,CASS_ID_SAP,1, 0
NCR,ENTRY_DTM,1, 0
NCR,LAST_QTY_DTM,1, 0
CUSTOMER_INTL_PHONES,MV_NO,1, 0
CUSTOMER_INTL_PHONES,CUST_NO,1, 0
CUSTOMER_INTL_PHONES,INTL_PHONE,1, 0
CUSTOMER_INTL_PHONES,INTL_PHONE_DESC,1, 0
PROD_SPEC_MODE,SEQ,1, 0
PROD_SPEC_MODE,MV_NO,1, 0
PROD_SPEC_MODE,MODE_CODE,1, 0
PROD_SPEC_MODE,MODE_SIG,1, 0
PROD_SPEC_MODE,MODE_DTM,1, 0
REACTOR_PM,SEQ,1, 0
REACTOR_PM,REACT_SERV_ID,1, 0
REACTOR_PM,LAST_DONE,1, 0
REACTOR_PM,NEXT_DONE,1, 0
REACTOR_PM,REACTOR,1, 0
REACTOR_PM,ENTRY_ID,1, 0
REACTOR_PM,ENTRY_DATE,1, 0
REACTOR_PM,COMPLETE_DATE,1, 0
REACTOR_PM,ENTRY_RL_NO,1, 0
REACTOR_PM,COMP_RL_NO,1, 0
REACTOR_PM,SERV_DESC,1, 0
WO_LOG,WO,1, 0
WO_LOG,ENTRY_ID,1, 0
WO_LOG,ENTRY_DATE,1, 0
WO_LOG,CUST_NO,1, 0
WO_LOG,QTY,1, 0
WO_LOG,PROD_SPEC_ID,1, 0
WO_LOG,NOTES,1, 0
WO_LOG,CUST_SHIP_DATE,1, 0
WO_LOG,STATUS,1, 0
WO_LOG,ORG_SCHEDULED,1, 0
WO_LOG,RECEIVED_DATE,1, 0
WO_LOG,CLOSE_DATE,1, 0
WO_LOG,RECEIVED_TIME,1, 0
WO_LOG,COMMIT_DATE,1, 0
WO_LOG,CYCLE_TIME,1, 0
WO_LOG,UNIT_PRICE,1, 0
WO_LOG,ORDER_NO,1, 0
WO_LOG,RX_DTM,1, 0
WO_LOG,OUT_CASS_LOAD_QTY,1, 0
WO_LOG,PART_NO,1, 0
WO_LOG,PROD_ORD_NO,1, 0
WO_LOG,WO_START_DTM,1, 0
WO_LOG,WO_STOP_DTM,1, 0
WO_LOG,WO_HOLD,1, 0
WO_LOG,EPI_PART_NO,1, 0
WO_LOG,ORD_SUB_PART_NO,1, 0
WO_LOG,ORD_SUB_PART_REV,1, 0
WO_LOG,CUST_PO_NO,1, 0
WO_LOG,SAP_ORD_QTY,1, 0
WO_LOG,CUST_PART_NO,1, 0
WO_LOG,CUST_PART_INBOUND,1, 0
WO_LOG,CUST_SUB_PART_NO,1, 0
WO_LOG,CUST_SUB_MFR,1, 0
WO_LOG,PROD_ORD_NO_TMP,1, 0
WO_LOG,ORIGIN,1, 0
WO_LOG,INCO_CODE,1, 0
WO_LOG,START_DT,1, 0
WO_LOG,START_FISCAL_MONTH,1, 0
WO_LOG,START_FISCAL_QUARTER,1, 0
WO_LOG,START_FISCAL_WEEK,1, 0
WO_LOG,START_FISCAL_YEAR,1, 0
WO_LOG,CYCLE_TIME_WIP,1, 0
WO_LOG,CYCLE_TIME_DELTA,1, 0
WO_LOG,CYCLE_TIME_QA_SHIP,1, 0
WO_LOG,CYCLE_TIME_REL_FIRST_VER,1, 0
WO_LOG,SAP_TOT_WFR_QTY,1, 0
WO_LOG,REL_QTY,1, 0
WO_LOG,UNREL_QTY,1, 0
WO_LOG,HOT_FLAG,1, 0
REACT_TUBE_DETAIL,REACT_NO,1, 0
REACT_TUBE_DETAIL,MV_NO,1, 0
REACT_TUBE_DETAIL,TUBE_ID,1, 0
REACT_TUBE_DETAIL,RDS_WAFER_CNT,1, 0
REACT_TUBE_DETAIL,INST_DTM,1, 0
REACT_TUBE_DETAIL,INST_REACT_HRS,1, 0
REACT_TUBE_DETAIL,INST_REACT_CYCLES,1, 0
REACT_TUBE_DETAIL,INST_RL_ID,1, 0
REACT_TUBE_DETAIL,REM_DTM,1, 0
REACT_TUBE_DETAIL,REM_REACT_HRS,1, 0
REACT_TUBE_DETAIL,REM_REACT_CYCLES,1, 0
REACT_TUBE_DETAIL,REM_RL_ID,1, 0
CUSTOMER_PHONES,MV_NO,1, 0
CUSTOMER_PHONES,CUST_NO,1, 0
CUSTOMER_PHONES,PHONE,1, 0
CUSTOMER_PHONES,PHONE_DESC,1, 0
EPI_PART_LAYER_SPEC,EPI_PN,1, 0
EPI_PART_LAYER_SPEC,MV_NO,1, 0
EPI_PART_LAYER_SPEC,EPI_LAYER,1, 0
EPI_PART_LAYER_SPEC,EPI_STEP,1, 0
EPI_PART_LAYER_SPEC,EPI_STEP_LSID,1, 0
EPI_PART_LAYER_SPEC,EPI_DOPANT,1, 0
EPI_PART_LAYER_SPEC,EPI_THICK_MIN,1, 0
EPI_PART_LAYER_SPEC,EPI_THICK_MAX,1, 0
EPI_PART_LAYER_SPEC,EPI_THICK_TARG,1, 0
EPI_PART_LAYER_SPEC,EPI_RES_MIN,1, 0
EPI_PART_LAYER_SPEC,EPI_RES_MAX,1, 0
EPI_PART_LAYER_SPEC,EPI_RES_TARG,1, 0
WO_LOG_SHIP_NO,WO,1, 0
WO_LOG_SHIP_NO,MV_NO,1, 0
WO_LOG_SHIP_NO,SHIP_NO,1, 0
WO_LOG_SHIP_NO,SHIP_DT,1, 0
WO_LOG_SHIP_NO,SHIP_LOT_NOS,1, 0
WO_LOG_SHIP_NO,SHIP_INV_NO,1, 0
WO_LOG_SHIP_NO,SHIP_WFR_QTY,1, 0
WO_LOG_SHIP_NO,SHIP_REJ_QTY,1, 0
WO_LOG_SHIP_NO,SHIP_PROD_QTY,1, 0
RDS_LAYER,RDS_NO,1, 0
RDS_LAYER,LS_ID,1, 0
RDS_LAYER,DOPANT,1, 0
RDS_LAYER,EPI_DILUENT,1, 0
RDS_LAYER,RECIPE_NO,1, 0
RDS_LAYER,EPI_TIME,1, 0
RDS_LAYER,DILUENT_ADJ_PARAM,1, 0
RDS_LAYER,DOPANT_FLOW,1, 0
RDS_LAYER,HCL_FLOW,1, 0
RDS_LAYER,BAKE_TIME,1, 0
RDS_LAYER,EPI_H2_FLOW,1, 0
RDS_LAYER,TCS_FLOW,1, 0
RDS_LAYER,DCS_FLOW,1, 0
RDS_LAYER,AUX1,1, 0
RDS_LAYER,AUX2,1, 0
RDS_LAYER,F_OFFSET,1, 0
RDS_LAYER,S_OFFSET,1, 0
RDS_LAYER,R_OFFSET,1, 0
RDS_LAYER,ETCH1,1, 0
RDS_LAYER,ETCH2,1, 0
RDS_LAYER,OVERGROW_REQ,1, 0
RDS_LAYER,EPI_TIME_MIN,1, 0
RDS_LAYER,EPI_TIME_MAX,1, 0
RDS_LAYER,DILUENT_MIN,1, 0
RDS_LAYER,DILUENT_MAX,1, 0
RDS_LAYER,DOPANT_FLOW_MIN,1, 0
RDS_LAYER,DOPANT_FLOW_MAX,1, 0
RDS_LAYER,HCL_FLOW_MIN,1, 0
RDS_LAYER,HCL_FLOW_MAX,1, 0
RDS_LAYER,BAKE_TIME_MIN,1, 0
RDS_LAYER,BAKE_TIME_MAX,1, 0
RDS_LAYER,EPI_H2_FLOW_MIN,1, 0
RDS_LAYER,EPI_H2_FLOW_MAX,1, 0
RDS_LAYER,TCS_FLOW_MIN,1, 0
RDS_LAYER,TCS_FLOW_MAX,1, 0
RDS_LAYER,DCS_FLOW_MIN,1, 0
RDS_LAYER,DCS_FLOW_MAX,1, 0
RDS_LAYER,AUX1_MIN,1, 0
RDS_LAYER,AUX1_MAX,1, 0
RDS_LAYER,AUX2_MIN,1, 0
RDS_LAYER,AUX2_MAX,1, 0
RDS_LAYER,F_OFFSET_MIN,1, 0
RDS_LAYER,F_OFFSET_MAX,1, 0
RDS_LAYER,S_OFFSET_MIN,1, 0
RDS_LAYER,S_OFFSET_mAX,1, 0
RDS_LAYER,R_OFFSET_MIN,1, 0
RDS_LAYER,R_OFFSET_MAX,1, 0
RDS_LAYER,ETCH1_MIN,1, 0
RDS_LAYER,ETCH1_MAX,1, 0
RDS_LAYER,ETCH2_MIN,1, 0
RDS_LAYER,ETCH2_MAX,1, 0
RDS_LAYER,PS_NO,1, 0
RDS_LAYER,RECIPE_NAME,1, 0
RDS_LAYER,UL_TEMP_MIN,1, 0
RDS_LAYER,UL_TEMP_MAX,1, 0
RDS_LAYER,UL_TEMP,1, 0
RDS_LAYER,ETCH3_MIN,1, 0
RDS_LAYER,ETCH3_MAX,1, 0
RDS_LAYER,ETCH3,1, 0
PROD_SPEC_REV,PROD_SPEC_ID,1, 0
PROD_SPEC_REV,MV_NO,1, 0
PROD_SPEC_REV,MOD_DATE,1, 0
PROD_SPEC_REV,MOD_TIME,1, 0
PROD_SPEC_REV,REVISION_DETAIL,1, 0
PROD_SPEC_REV,MOD_USERNAME,1, 0
CUSTOMER_ADDR_LINES,MV_NO,1, 0
CUSTOMER_ADDR_LINES,CUST_NO,1, 0
CUSTOMER_ADDR_LINES,ADDR,1, 0
COC_VISION_LOGS,MV_NO,1, 0
COC_VISION_LOGS,SEQ,1, 0
COC_VISION_LOGS,SEND_DTM,1, 0
COC_VISION_LOGS,SEND_USER,1, 0
COC_VISION_LOGS,SEND_REASON,1, 0
EPI_PART_SUB_PART_NO,EPI_PN,1, 0
EPI_PART_SUB_PART_NO,MV_NO,1, 0
EPI_PART_SUB_PART_NO,SUB_PART_NO,1, 0
EPI_PART_SUB_PART_NO,SUB_PART_REV,1, 0
EPI_PART_SUB_PART_NO,SUB_MFR,1, 0
REACT_ITEMS,ITEM_NO,1, 0
REACT_ITEMS,DESCRIPTION,1, 0
REACT_ITEMS,STATUS,1, 0
REACT_ITEMS,ENTRY_ID,1, 0
REACT_ITEMS,ENTRY_DATE,1, 0
REACT_ITEMS,GRAPHITE_OR_TUBE,1, 0
REACT_ITEMS,INACTIVE_DATE,1, 0
REACT_ITEMS,UNKNOWN1,1, 0
REACT_ITEMS,UNKNOWN2,1, 0
TOOL_ESC,TOOL_ID,1, 0
TOOL_ESC,START_DTM,1, 0
TOOL_ESC,START_USER,1, 0
TOOL_ESC,START_REASON,1, 0
TOOL_ESC,STOP_DTM,1, 0
TOOL_ESC,STOP_USER,1, 0
TOOL_ESC,STOP_REASON,1, 0
COC_TECH_DATA_DTM,MV_NO,1, 0
COC_TECH_DATA_DTM,SEQ,1, 0
COC_TECH_DATA_DTM,TECH_DATA_DTM,1, 0
RDS_TEST_TW_USE,MET_NO,1, 0
RDS_TEST_TW_USE,MV_NO,1, 0
RDS_TEST_TW_USE,TWU_CODE,1, 0
RDS_TEST_TW_USE,TWU_DESC,1, 0
RDS_TEST_TW_USE,TWU_QTY,1, 0
RDS_TEST_TW_USE,TWU_TOOL,1, 0
RDS_TEST_TW_USE,TWU_TYPE,1, 0
RDS_TEST_TW_USE,TWU_USE_DESC,1, 0
RDS_TEST_TW_USE,TWU_WAFER_ID,1, 0
RDS_TEST_TW_USE,TW_USE_ID,1, 0
CUSTOMER,CUST_NO,1, 0
CUSTOMER,ENTRY_DATE,1, 0
CUSTOMER,ENTRY_ID,1, 0
CUSTOMER,ATTENTION,1, 0
CUSTOMER,COMPANY,1, 0
CUSTOMER,CITY,1, 0
CUSTOMER,ST,1, 0
CUSTOMER,ZIP,1, 0
CUSTOMER,COUNTRY,1, 0
CUSTOMER,ABBREV,1, 0
CUSTOMER,SALES_REP,1, 0
CUSTOMER,TERMS,1, 0
CUSTOMER,BILL_TO_CUST_NO,1, 0
CUSTOMER,SHIPPING_EXPORT_TEMPLATE,1, 0
CUSTOMER,COA_FOLDER,1, 0
CUSTOMER,VISION_CUST_NO,1, 0
CUSTOMER,VISION_BILL_TO_NO,1, 0
CUSTOMER,SAP_CUST_NO,1, 0
CUSTOMER,SAP_BILL_TO_NO,1, 0
EPI_PART_CUST_EPI_PART_KEY,EPI_PN,1, 0
EPI_PART_CUST_EPI_PART_KEY,MV_NO,1, 0
EPI_PART_CUST_EPI_PART_KEY,CUST_NO,1, 0
CLEAN_INSP_SPEC_CLEAN_TOOL,CI_NO,1, 0
CLEAN_INSP_SPEC_CLEAN_TOOL,MV_NO,1, 0
CLEAN_INSP_SPEC_CLEAN_TOOL,SPEC_CLEAN_TOOL,1, 0
CLEAN_INSP_SPEC_CLEAN_TOOL,CASS_ID_SAP,1, 0
WO_STEP,WO_NO,1, 0
WO_STEP,PROC_STEP_NO,1, 0
WO_STEP,PROC_SPEC_ID,1, 0
WO_STEP,CYCLE_TIME,1, 0
WO_STEP,NOTES,1, 0
WO_STEP,ORG_WO,1, 0
WO_STEP,PROC_STEP_DESC,1, 0
WO_STEP,SCHEDULED,1, 0
WO_STEP,SCHED_DTM,1, 0
WO_STEP,PRE_SURFSCAN_RECIPE,1, 0
WO_STEP,FIRST_SURFSCAN_RECIPE,1, 0
WO_STEP,POST_CLEAN_SURFSCAN_RECIPE,1, 0
RDS_TEST_SRP_PROFILE_PATH,MET_NO,1, 0
RDS_TEST_SRP_PROFILE_PATH,MV_NO,1, 0
RDS_TEST_SRP_PROFILE_PATH,SRP_PROFILE_PATH,1, 0
TOOL_LOG,TOOL_ID,1, 0
TOOL_LOG,START_DTM,1, 0
TOOL_LOG,START_USER,1, 0
TOOL_LOG,START_REASON,1, 0
TOOL_LOG,TOOL_MODE,1, 0
TOOL_LOG,STOP_DTM,1, 0
TOOL_LOG,STOP_USER,1, 0
TOOL_LOG,MODE_HRS,1, 0
TOOL_LOG,START_DEC,1, 0
TOOL_LOG,START_DT,1, 0
TOOL_LOG,TOOL_CURR_MODE,1, 0
TOOL_LOG,TOOL_MODE_DESC,1, 0
TOOL_LOG,ACTIVE,1, 0
TOOL_LOG,TOOL_DESC,1, 0
TOOL_LOG,TOOL_TYPE,1, 0
REACT_PROBS,PROB_ID,1, 0
REACT_PROBS,DESCRIPTION,1, 0
REACT_PROBS,ENTRY_ID,1, 0
REACT_PROBS,ENTRY_DATE,1, 0
REACT_PROBS,REACT_PROB_CAT_ID,1, 0
REACT_EVENT_REACT_MODE_KEYS,REACT_NO,1, 0
REACT_EVENT_REACT_MODE_KEYS,EVENT_DTM,1, 0
REACT_EVENT_REACT_MODE_KEYS,MV_NO,1, 0
REACT_EVENT_REACT_MODE_KEYS,REACT_MODE_KEY,1, 0
WO_STEP_REACTORS,WO_NO,1, 0
WO_STEP_REACTORS,PROC_STEP_NO,1, 0
WO_STEP_REACTORS,MV_NO,1, 0
WO_STEP_REACTORS,REACTORS,1, 0
REACT_MODE,REACT_NO,1, 0
REACT_MODE,START_DTM,1, 0
REACT_MODE,START_USER,1, 0
REACT_MODE,START_NOTE,1, 0
REACT_MODE,MODE,1, 0
REACT_MODE,STOP_DTM,1, 0
REACT_MODE,STOP_USER,1, 0
REACT_MODE,STOP_NOTE,1, 0
REACT_MODE,ELAP_HRS,1, 0
REACT_MODE,REACT_ACTIVE_MODE,1, 0
REACT_MODE,START_DT,1, 0
REACT_MODE,START_NOTES,1, 0
REACT_MODE,STOP_DT,1, 0
REACT_MODE,START_NOTE_TEXT,1, 0
REACT_MODE,STOP_NOTE_TEXT,1, 0
REACT_MODE,START_RL_ID,1, 0
REACT_MODE,SERVICE_DESC,1, 0
REACT_PROB_CAT,SEQ,1, 0
REACT_PROB_CAT,REACTOR_PROBLEM_CATEGORY,1, 0
REACT_PROB_CAT,ENTRY_ID,1, 0
REACT_PROB_CAT,ENTRY_DATE,1, 0
WO_STEP_SCHED_ID,WO_NO,1, 0
WO_STEP_SCHED_ID,PROC_STEP_NO,1, 0
WO_STEP_SCHED_ID,MV_NO,1, 0
WO_STEP_SCHED_ID,SCHED_ID,1, 0
COMPANY_SHIP_TO_CUST_NOS,MV_NO,1, 0
COMPANY_SHIP_TO_CUST_NOS,CO_NO,1, 0
COMPANY_SHIP_TO_CUST_NOS,SHIP_TO_CUST_NO,1, 0
PROD_VER,PROD_VER_NO,1, 0
PROD_VER,DESC,1, 0
PROD_VER,EPI_PART_NO,1, 0
PROD_VER,REACT_TYPE,1, 0
PROD_VER,REACT_TYPE_NO_CONV,1, 0
PROD_VER,REACT_OVERHEAD,1, 0
PROD_VER,CUST_NO,1, 0
PROD_VER,CUST_PART_NO,1, 0
PROD_VER,CUST_PART_DESC,1, 0
PROD_VER,CUST_PART_NO_INCOMING,1, 0
PROD_VER,SUB_MFR,1, 0
PROD_VER,SUB_COST,1, 0
PROD_VER,ENGINEERING_PART,1, 0
PROD_VER,SPEC_PROCESSING,1, 0
PROD_VER,ORD_DET_KEY,1, 0
PROD_VER,PROC_LEAD_TIME,1, 0
PROD_VER,CYCLE_TIME,1, 0
PROD_VER,PRE_EPI_TIME,1, 0
PROD_VER,FAB_TIME,1, 0
PROD_VER,POST_TIME,1, 0
PROD_VER,PART_YIELD,1, 0
PROD_VER,WO_SIZE_MIN,1, 0
PROD_VER,WO_SIZE_MAX,1, 0
PROD_VER,STATUS,1, 0
PROD_VER,CREATE_DTM,1, 0
PROD_VER,CREATE_BY,1, 0
PROD_VER,PROD_VER_VER,1, 0
PROD_VER,RET_REJECTS,1, 0
PROD_VER,CASS_SHIP_QTY,1, 0
PROD_VER,EPI_PRO_SHIP_SHORT,1, 0
PROD_VER,XSAP_MAT_TYPE,1, 0
PROD_VER,CUST_PART_REV,1, 0
PROD_VER,SCHED_NOTES,1, 0
PROD_VER,REMARKS,1, 0
PROD_VER,CUST_NAME,1, 0
PROD_VER,CUST_TYPE,1, 0
PROD_VER,MATERIAL_TYPE,1, 0
PROD_VER,PSN_STATUS,1, 0
PROD_VER,SAP_MAT_TYPE,1, 0
PROD_VER,SHIP_CUST_NO,1, 0
PROD_VER,SHIP_PSN,1, 0
PROD_VER,SPEC_TYPE,1, 0
COC,SEQ,1, 0
COC,ENTRY_ID,1, 0
COC,ENTRY_DATE,1, 0
COC,PO,1, 0
COC,WO,1, 0
COC,CUST_NO_ORG,1, 0
COC,SHIPMENT,1, 0
COC,SHIP_VIA,1, 0
COC,PICK_BY,1, 0
COC,PICK_DTM,1, 0
COC,SHIP_DT,1, 0
COC,VISION_DTM,1, 0
COC,VISION_ORD_REL_NO,1, 0
COC,REACTOR_TYPE,1, 0
COC,SHIP_VIA_ACCT_NO,1, 0
COC,SAP_DEL_NO,1, 0
COC,CUST_NO,1, 0
COC,CUST_PART_NO,1, 0
COC,PROD_ORD_NO,1, 0
COC,PROD_SPEC_ID,1, 0
COC,COMMIT_DATE,1, 0
WO_MAT_SHIP_HOLD_HISTORY,WO_NO,1, 0
WO_MAT_SHIP_HOLD_HISTORY,CASS_NO,1, 0
WO_MAT_SHIP_HOLD_HISTORY,MV_NO,1, 0
WO_MAT_SHIP_HOLD_HISTORY,SHIP_HOLD_START_DTM,1, 0
WO_MAT_SHIP_HOLD_HISTORY,SHIP_HOLD_START_USER,1, 0
WO_MAT_SHIP_HOLD_HISTORY,SHIP_HOLD_START_REASON,1, 0
WO_MAT_SHIP_HOLD_HISTORY,SHIP_HOLD_STOP_DTM,1, 0
WO_MAT_SHIP_HOLD_HISTORY,SHIP_HOLD_STOP_USER,1, 0
WO_MAT_SHIP_HOLD_HISTORY,SHIP_HOLD_STOP_REASON,1, 0
WO_MAT_SHIP_HOLD_HISTORY,SHIP_HOLD_EXTENDED,1, 0
RDS_TEST_SPEC_CON,MET_NO,1, 0
RDS_TEST_SPEC_CON,MV_NO,1, 0
RDS_TEST_SPEC_CON,SPEC_CON_MIN,1, 0
RDS_TEST_SPEC_CON,SPEC_CON_TARGET,1, 0
RDS_TEST_SPEC_CON,SPEC_CON_MAX,1, 0
WO_WFR,WO_NO,1, 0
WO_WFR,CASS_NO,1, 0
WO_WFR,SLOT,1, 0
WO_WFR,SHIP_FLAG,1, 0
WO_WFR,GRADE,1, 0
WO_WFR,SCRIBE,1, 0
WO_WFR,GAN_RUN_ID,1, 0
WO_WFR,CARR_SLOT_ID,1, 0
WO_WFR,CARR_WFR_GRADE,1, 0
WO_WFR,CURR_CASS_ID,1, 0
WO_WFR,CURR_LOC_ID,1, 0
WO_WFR,CURR_SLOT_ID,1, 0
WO_WFR,CURR_TOOL,1, 0
WO_WFR,CUST_NAME,1, 0
WO_WFR,CUST_NO,1, 0
WO_WFR,ELAP_TM,1, 0
WO_WFR,EPI_STRUCTURE,1, 0
WO_WFR,GAN_WFR_ID,1, 0
WO_WFR,POST_SLOT_DISP,1, 0
WO_WFR,PRE_SLOT_DISP,1, 0
WO_WFR,RDS_NO,1, 0
WO_WFR,REACT_TYPE,1, 0
WO_WFR,GAN_GROWTH_UNLOAD_DTM,1, 0
REACT_MODE_SERV_INFO,REACT_NO,1, 0
REACT_MODE_SERV_INFO,START_DTM,1, 0
REACT_MODE_SERV_INFO,MV_NO,1, 0
REACT_MODE_SERV_INFO,PROB_CAT_ID,1, 0
REACT_MODE_SERV_INFO,PROB_CAT_DESC,1, 0
REACT_MODE_SERV_INFO,SERV_ID,1, 0
REACT_MODE_SERV_INFO,SERV_DESC,1, 0
WO_STEP_RDS_KEYS,WO_NO,1, 0
WO_STEP_RDS_KEYS,PROC_STEP_NO,1, 0
WO_STEP_RDS_KEYS,MV_NO,1, 0
WO_STEP_RDS_KEYS,RDS_KEYS,1, 0
WO_STEP_RDS_KEYS,HOT_LOT,1, 0
WO_STEP_RDS_KEYS,MAKEUP_BOX,1, 0
WO_STEP_RDS_KEYS,SCHED_DT,1, 0
COMPANY_CREDIT_INFO,MV_NO,1, 0
COMPANY_CREDIT_INFO,CO_NO,1, 0
COMPANY_CREDIT_INFO,CREDIT_LIMIT,1, 0
COMPANY_CREDIT_INFO,CREDIT_APPROVED_BY,1, 0
COMPANY_CREDIT_INFO,CREDIT_REVIEW_DATE,1, 0
PROD_VER_PROC_STEP_NO,PROD_VER_NO,1, 0
PROD_VER_PROC_STEP_NO,MV_NO,1, 0
PROD_VER_PROC_STEP_NO,PROC_STEP_NO,1, 0
PROD_VER_PROC_STEP_NO,PROC_STEP_PSN,1, 0
PROD_VER_PROC_STEP_NO,PROC_STEP_DESC,1, 0
WO_WFR_LOGS,WO_NO,1, 0
WO_WFR_LOGS,CASS_NO,1, 0
WO_WFR_LOGS,SLOT,1, 0
WO_WFR_LOGS,MV_NO,1, 0
WO_WFR_LOGS,LOC_DTM,1, 0
WO_WFR_LOGS,LOC_BY,1, 0
WO_WFR_LOGS,LOC_EVENT,1, 0
WO_WFR_LOGS,SLOT_ID,1, 0
WO_WFR_LOGS,RUN_LOC,1, 0
WO_WFR_LOGS,NCR_NO,1, 0
WO_WFR_LOGS,TW_USE,1, 0
WO_WFR_LOGS,DISP,1, 0
REACT_READS,REACT_NO,1, 0
REACT_READS,READ_DTM,1, 0
REACT_READS,HOURS,1, 0
REACT_READS,CYCLES,1, 0
REACT_READS,READ_BY,1, 0
REACT_MODE_NON_PROD_DT,REACT_NO,1, 0
REACT_MODE_NON_PROD_DT,START_DTM,1, 0
REACT_MODE_NON_PROD_DT,MV_NO,1, 0
REACT_MODE_NON_PROD_DT,NON_PROD_DT,1, 0
WO_MAT_MET_PROFILE,WO_NO,1, 0
WO_MAT_MET_PROFILE,CASS_NO,1, 0
WO_MAT_MET_PROFILE,MV_NO,1, 0
WO_MAT_MET_PROFILE,MET_PROFILE,1, 0
WO_MAT_MET_PROFILE,MET_RUN_STEP,1, 0
WO_MAT_MET_PROFILE,MET_MIN,1, 0
WO_MAT_MET_PROFILE,MET_MAX,1, 0
WO_MAT_MET_PROFILE,MET_RESULT,1, 0
WO_MAT_MET_PROFILE,MET_SLOT,1, 0
WO_MAT_MET_PROFILE,MET_SLOT_DESC,1, 0
WO_MAT_MET_PROFILE,MET_SIG,1, 0
WO_MAT_MET_PROFILE,MET_SIG_DTM,1, 0
GAN_CYCLE_TIME,ID,1, 0
GAN_CYCLE_TIME,WO_NO,1, 0
GAN_CYCLE_TIME,RUN_ID,1, 0
GAN_CYCLE_TIME,RDS_NO,1, 0
GAN_CYCLE_TIME,RECIPE,1, 0
GAN_CYCLE_TIME,PART_NO,1, 0
GAN_CYCLE_TIME,PSN_NO,1, 0
GAN_CYCLE_TIME,STAGE_NAME,1, 0
GAN_CYCLE_TIME,TOOL_CLASS,1, 0
GAN_CYCLE_TIME,TOOL,1, 0
GAN_CYCLE_TIME,START_DTM,1, 0
GAN_CYCLE_TIME,STOP_DTM,1, 0
GAN_CYCLE_TIME,OPERATOR_START,1, 0
GAN_CYCLE_TIME,OPERATOR_STOP,1, 0
GAN_CYCLE_TIME,WFR_SCRIBE,1, 0
GAN_CYCLE_TIME,REACTOR,1, 0
WO_STEP_RDS_CURR_STATUS,WO_NO,1, 0
WO_STEP_RDS_CURR_STATUS,PROC_STEP_NO,1, 0
WO_STEP_RDS_CURR_STATUS,MV_NO,1, 0
WO_STEP_RDS_CURR_STATUS,RDS_CURR_STATUS,1, 0
PROD_VER_SUB_PART_NO,PROD_VER_NO,1, 0
PROD_VER_SUB_PART_NO,MV_NO,1, 0
PROD_VER_SUB_PART_NO,SUB_PART_NO,1, 0
PROD_VER_SUB_PART_NO,SUB_SUPP_CD,1, 0
PROD_VER_SUB_PART_NO,SUB_SUPPLIER,1, 0
PROD_VER_SUB_PART_NO,SUB_PART_REV,1, 0
PROD_VER_SUB_PART_NO,SUB_PURCH_SPEC,1, 0
PROD_VER_SUB_PART_NO,SUB_PURCH_SPEC_REV,1, 0
RUN_STAGE_WFR,RDS_NO,1, 0
RUN_STAGE_WFR,STAGE,1, 0
RUN_STAGE_WFR,WFR_ID,1, 0
RUN_STAGE_WFR,SPEC_TOOL_CLASS,1, 0
RUN_STAGE_WFR,TOOL_ID,1, 0
RUN_STAGE_WFR,COMMENT,1, 0
RUN_STAGE_WFR,COMP_BY,1, 0
RUN_STAGE_WFR,COMP_DTM,1, 0
RUN_STAGE_WFR,COMP_DT,1, 0
RUN_STAGE_WFR,CURR_STATUS,1, 0
RUN_STAGE_WFR,DEST_TEST,1, 0
RUN_STAGE_WFR,EPI_PART_NO,1, 0
RUN_STAGE_WFR,GAN_RUN_ID,1, 0
RUN_STAGE_WFR,GAN_WFR_STAGE,1, 0
RUN_STAGE_WFR,IA_COMP_BY,1, 0
RUN_STAGE_WFR,INV_ACTIONS,1, 0
RUN_STAGE_WFR,SCRIBE,1, 0
RUN_STAGE_WFR,START_DTM,1, 0
RUN_STAGE_WFR,STOP_DTM,1, 0
RUN_STAGE_WFR,TIME_ON_TOOL,1, 0
RUN_STAGE_WFR,WO_NO,1, 0
RUN_STAGE_WFR,QIN_WFR_ID,1, 0
RDS_HOLD_INFO,SEQ,1, 0
RDS_HOLD_INFO,MV_NO,1, 0
RDS_HOLD_INFO,HOLD_DESC,1, 0
RDS_HOLD_INFO,HOLD_OPERATOR,1, 0
RDS_HOLD_INFO,HOLD_DATE_ORG,1, 0
RDS_HOLD_INFO,HOLD_TIME_ORG,1, 0
CUST_PART_SHIP_EMAIL_NOTIF,CUST_NO,1, 0
CUST_PART_SHIP_EMAIL_NOTIF,CUST_PART_NO,1, 0
CUST_PART_SHIP_EMAIL_NOTIF,MV_NO,1, 0
CUST_PART_SHIP_EMAIL_NOTIF,SHIP_EMAIL_NOTIF,1, 0
WO_MAT_EPO_SLOT,WO_NO,1, 0
WO_MAT_EPO_SLOT,CASS_NO,1, 0
WO_MAT_EPO_SLOT,MV_NO,1, 0
WO_MAT_EPO_SLOT,EPO_SLOT,1, 0
WO_MAT_EPO_SLOT,EPOS_WFR_IN,1, 0
WO_MAT_EPO_SLOT,EPOS_RUN_ID,1, 0
WO_MAT_EPO_SLOT,EPOS_NCR,1, 0
WO_MAT_EPO_SLOT,EPOS_MET_NO,1, 0
WO_MAT_EPO_SLOT,EPOS_MOVED_TO,1, 0
WO_MAT_EPO_SLOT,EPOS_REP_WAFER_ID,1, 0
REACT_SERVS,SERV_ID,1, 0
REACT_SERVS,DESCRIPTION,1, 0
REACT_SERVS,ENTRY_ID,1, 0
REACT_SERVS,ENTRY_DATE,1, 0
REACT_SERVS,INJECTOR_CHANGE,1, 0
REACT_SERVS,PM_DAYS,1, 0
REACT_SERVS,REACT_SERV_CAT_ID,1, 0
REACT_SERVS,GRAPHITE_OR_TUBE,1, 0
REACT_SERVS,STATUS,1, 0
REACT_SERVS,INACTIVE_DATE,1, 0
REACT_SERVS,TC_CHANGE_SERVICE,1, 0
REACT_SERVS,REQ_ARM_WAND_DATA,1, 0
WO_STEP_WM_IN_KEYS,WO_NO,1, 0
WO_STEP_WM_IN_KEYS,PROC_STEP_NO,1, 0
WO_STEP_WM_IN_KEYS,MV_NO,1, 0
WO_STEP_WM_IN_KEYS,WM_IN_KEYS,1, 0
RDS_SURFSCAN_KEYS,SEQ,1, 0
RDS_SURFSCAN_KEYS,MV_NO,1, 0
RDS_SURFSCAN_KEYS,SURFSCAN_KEY,1, 0
RUN_STAGE_WFR_INV_ACTIONS,RDS_NO,1, 0
RUN_STAGE_WFR_INV_ACTIONS,STAGE,1, 0
RUN_STAGE_WFR_INV_ACTIONS,WFR_ID,1, 0
RUN_STAGE_WFR_INV_ACTIONS,MV_NO,1, 0
RUN_STAGE_WFR_INV_ACTIONS,SPEC_INV_ACTION,1, 0
RUN_STAGE_WFR_INV_ACTIONS,SIA_COMP_BY,1, 0
RUN_STAGE_WFR_INV_ACTIONS,SIA_COMP_DTM,1, 0
REACTOR_LOG_NOTES,SEQ,1, 0
REACTOR_LOG_NOTES,MV_NO,1, 0
REACTOR_LOG_NOTES,NOTES,1, 0
REACTOR_LOG_NOTES,NOTE_DTMS,1, 0
REACTOR_LOG_NOTES,NOTE_USERS,1, 0
REACT_SERV_CAT,SEQ,1, 0
REACT_SERV_CAT,REACTOR_SERVICE_CATEGORY,1, 0
REACT_SERV_CAT,ENTRY_ID,1, 0
REACT_SERV_CAT,ENTRY_DATE,1, 0
WO_MAT,WO_NO,1, 0
WO_MAT,CASS_NO,1, 0
WO_MAT,LOT_NO,1, 0
WO_MAT,WAFER_QTY,1, 0
WO_MAT,CUST_PART_NO,1, 0
WO_MAT,PART_NO,1, 0
WO_MAT,SUB_PART_NO,1, 0
WO_MAT,ORDER_ITEM,1, 0
WO_MAT,SUB_SUPPL_BY,1, 0
WO_MAT,SHIP_NO,1, 0
WO_MAT,CANCELED,1, 0
WO_MAT,MAKEUP_BOX,1, 0
WO_MAT,HOT_LOT,1, 0
WO_MAT,RX_DTM,1, 0
WO_MAT,RX_BY,1, 0
WO_MAT,REL_DTM,1, 0
WO_MAT,REL_BY,1, 0
WO_MAT,ORG_COMMIT_DT,1, 0
WO_MAT,HOLD,1, 0
WO_MAT,MU_WAFER_FLAG,1, 0
WO_MAT,WMI_CURR_STATUS,1, 0
WO_MAT,WMO_CURR_STATUS,1, 0
WO_MAT,VOID,1, 0
WO_MAT,CANCELLED,1, 0
WO_MAT,EPO_MAKEUP_BOX,1, 0
WO_MAT,RET_REJECTS,1, 0
WO_MAT,REPROCESSED_MAT,1, 0
WO_MAT,CASS_SHIP_QTY,1, 0
WO_MAT,SHIP_SHORT,1, 0
WO_MAT,EPOS_CLEAN_INSP_KEY,1, 0
WO_MAT,EPI_PRO,1, 0
WO_MAT,EPI_CI_NO,1, 0
WO_MAT,EPO_CI_NO,1, 0
WO_MAT,EPO_SHIP_HOLD,1, 0
WO_MAT,SHIP_HOLD,1, 0
WO_MAT,SAP_BATCH_NO,1, 0
WO_MAT,CUST_PART_REV_FUT,1, 0
WO_MAT,SUB_VEND_CD,1, 0
WO_MAT,SAP_TX_DTM,1, 0
WO_MAT,ORG_SAP_BATCH_NO,1, 0
WO_MAT,WMO_LOAD_DTM,1, 0
WO_MAT,CUST_NAME,1, 0
WO_MAT,INV_FAB_DAYS,1, 0
WO_MAT,INV_FAB_HRS,1, 0
WO_MAT,REACTOR_TYPE,1, 0
WO_MAT,SHIP_PSN,1, 0
WO_MAT,WAFER_SIZE,1, 0
WO_MAT,WO_STATUS,1, 0
WO_MAT,CASS_ID_SAP,1, 0
WO_MAT,SAP_YIELD,1, 0
WO_MAT,SAP_VEND_CD,1, 0
WO_MAT,EPI_PART_NO,1, 0
WO_MAT,PROD_ORD_NO,1, 0
WO_MAT,SAP_SCRAP_QTY,1, 0
WO_MAT,SAP_PROD_TEST_QTY,1, 0
WO_MAT,SAP_MU_QTY,1, 0
WO_MAT,MU_BOX,1, 0
WO_MAT,SAP_ORD_TYPE,1, 0
WO_MAT,SAP_MAT_TYPE,1, 0
WO_MAT,WO_QTY,1, 0
WO_MAT,FINAL_SIG_COMP,1, 0
WO_MAT,COMMENT,1, 0
WO_MAT,REC_VER,1, 0
WO_MAT,CUST_CAPTIVE,1, 0
WO_MAT,CAPTIVE_MERCHANT,1, 0
RDS_NCR_KEYS,SEQ,1, 0
RDS_NCR_KEYS,MV_NO,1, 0
RDS_NCR_KEYS,NCR_KEYS,1, 0
CALIB_LIST_CAL_DT,CL_NO,1, 0
CALIB_LIST_CAL_DT,MV_NO,1, 0
CALIB_LIST_CAL_DT,CAL_DT,1, 0
WO_STEP_WM_OUT_KEYS,WO_NO,1, 0
WO_STEP_WM_OUT_KEYS,PROC_STEP_NO,1, 0
WO_STEP_WM_OUT_KEYS,MV_NO,1, 0
WO_STEP_WM_OUT_KEYS,WM_OUT_KEYS,1, 0
PM,PM_NO,1, 0
PM,ENTER_BY,1, 0
PM,ENTER_DTM,1, 0
PM,SCHED_DT,1, 0
PM,SCHED_TM,1, 0
PM,SCHED_QTY,1, 0
PM,NOTES,1, 0
PM,COMP_BY,1, 0
PM,COMP_DTM,1, 0
PM,START_BY,1, 0
PM,START_DTM,1, 0
PM,COMP_QTY,1, 0
PM,ACT_PMS_ID,1, 0
PM,COMP_DT,1, 0
PM,COMP_PMS_ID,1, 0
PM,STATUS,1, 0
PM,TOOL_CYCLE_CNT,1, 0
PM,TOOL_DESC,1, 0
PM,TOOL_ID,1, 0
PM,UNITS,1, 0
PM,PMS_ID,1, 0
REACT_SERV_CAT_REACT_SVC_KEY,SEQ,1, 0
REACT_SERV_CAT_REACT_SVC_KEY,MV_NO,1, 0
REACT_SERV_CAT_REACT_SVC_KEY,REACT_SVC_KEY,1, 0
PROD_VER_QUAL_REACTS,PROD_VER_NO,1, 0
PROD_VER_QUAL_REACTS,MV_NO,1, 0
PROD_VER_QUAL_REACTS,QUAL_REACTS,1, 0
RDS_RDS_LAYER_KEYS,SEQ,1, 0
RDS_RDS_LAYER_KEYS,MV_NO,1, 0
RDS_RDS_LAYER_KEYS,RDS_LAYER_KEYS,1, 0
LOSS_CODES,CODE,1, 0
LOSS_CODES,DESCRIPTION,1, 0
LOSS_CODES,ENTRY_ID,1, 0
LOSS_CODES,ENTRY_DATE,1, 0
SCHED_DET_NG,EVENT_ID,1, 0
SCHED_DET_NG,REACT_NO,1, 0
SCHED_DET_NG,WO_NO,1, 0
SCHED_DET_NG,START_DTM,1, 0
SCHED_DET_NG,STOP_DTM,1, 0
SCHED_DET_NG,BLOCKOUT,1, 0
SCHED_DET_NG,BLOCK_OUT_TYPE,1, 0
SCHED_DET_NG,EVENT_COMP,1, 0
PM_HIST,PMS_ID,1, 0
PM_HIST,MV_NO,1, 0
PM_HIST,PM_KEYS,1, 0
WO_MAT_SIG_PROFILE,WO_NO,1, 0
WO_MAT_SIG_PROFILE,CASS_NO,1, 0
WO_MAT_SIG_PROFILE,MV_NO,1, 0
WO_MAT_SIG_PROFILE,SIG_PROFILE,1, 0
WO_MAT_SIG_PROFILE,SIGNATURE,1, 0
WO_MAT_SIG_PROFILE,SIG_DTM,1, 0
WO_MAT_SIG_PROFILE,SHIP_STATUS,1, 0
WO_MAT_SIG_PROFILE,SIG_PROF_EXPORT,1, 0
WO_MAT_SIG_PROFILE,SIG_VER,1, 0
WO_MAT_SIG_PROFILE,CASS_ID_SAP,1, 0
WO_MAT_SIG_PROFILE,CAPTIVE_MERCHANT,1, 0
WO_STEP_BLOCKED_REACTORS,WO_NO,1, 0
WO_STEP_BLOCKED_REACTORS,PROC_STEP_NO,1, 0
WO_STEP_BLOCKED_REACTORS,MV_NO,1, 0
WO_STEP_BLOCKED_REACTORS,BLOCKED_REACTORS,1, 0
RDS_UNLOAD_MOD_ID,SEQ,1, 0
RDS_UNLOAD_MOD_ID,MV_NO,1, 0
RDS_UNLOAD_MOD_ID,UNLOAD_MOD_ID,1, 0
PROD_VER_BLOCKED_REACTS,PROD_VER_NO,1, 0
PROD_VER_BLOCKED_REACTS,MV_NO,1, 0
PROD_VER_BLOCKED_REACTS,BLOCKED_REACTS,1, 0
RDS_TW_INFO,SEQ,1, 0
RDS_TW_INFO,MV_NO,1, 0
RDS_TW_INFO,TW_PMINUS_TRANS,1, 0
RDS_TW_INFO,TW_PROD_RHO,1, 0
RDS_TW_INFO,TW_PPLUS_TRANS,1, 0
RDS_TW_INFO,TW_PROD_STRESS,1, 0
RDS_TW_INFO,TW_PROD_ORIG,1, 0
RDS_TW_INFO,TW_PPLUS_CODE,1, 0
RDS_TW_INFO,TW_PMINUS_CODE,1, 0
RDS_TW_INFO,TW_NPLUS_CODE,1, 0
RDS_TW_INFO,TW_NMINUS_CODE,1, 0
RDS_TW_INFO,TW_PPLUS_CNT,1, 0
RDS_TW_INFO,TW_PMINUS_CNT,1, 0
RDS_TW_INFO,TW_NPLUS_CNT,1, 0
RDS_TW_INFO,TW_NMINUS_CNT,1, 0
RDS_TW_INFO,TW_NMINUS_RHO,1, 0
RDS_TW_INFO,TW_NPLUS_RHO,1, 0
RDS_TW_INFO,TW_PMINUS_RHO,1, 0
RDS_TW_INFO,TW_PPLUS_RHO,1, 0
RDS_TW_INFO,TW_PROD_TRANS,1, 0
RDS_TW_INFO,TW_NMINUS_TRANS,1, 0
RDS_TW_INFO,TW_NPLUS_TRANS,1, 0
RDS_TW_INFO,TW_PROD_CODE,1, 0
RDS_TW_INFO,TW_PROD_CNT,1, 0
RDS_TW_INFO,TW_PPLUS_TOOL,1, 0
RDS_TW_INFO,TW_PMINUS_TOOL,1, 0
RDS_TW_INFO,TW_NPLUS_TOOL,1, 0
RDS_TW_INFO,TW_NMINUS_TOOL,1, 0
RDS_TW_INFO,TW_PROD_TOOL,1, 0
RDS_TW_INFO,TW_PPLUS_THICK,1, 0
RDS_TW_INFO,TW_PMINUS_THICK,1, 0
RDS_TW_INFO,TW_NPLUS_THICK,1, 0
RDS_TW_INFO,TW_NMINUS_THICK,1, 0
RDS_TW_INFO,TW_PROD_THICK,1, 0
RDS_TW_INFO,TW_PPLUS_RES,1, 0
RDS_TW_INFO,TW_PMINUS_RES,1, 0
RDS_TW_INFO,TW_NPLUS_RES,1, 0
RDS_TW_INFO,TW_NMINUS_RES,1, 0
RDS_TW_INFO,TW_PROD_RES,1, 0
RDS_TW_INFO,TW_PPLUS_CON,1, 0
RDS_TW_INFO,TW_PMINUS_CON,1, 0
RDS_TW_INFO,TW_NPLUS_CON,1, 0
RDS_TW_INFO,TW_NMINUS_CON,1, 0
RDS_TW_INFO,TW_PROD_CON,1, 0
RDS_TW_INFO,TW_PPLUS_STRESS,1, 0
RDS_TW_INFO,TW_PMINUS_STRES,1, 0
RDS_TW_INFO,TW_NPLUS_STRESS,1, 0
RDS_TW_INFO,TW_NMINUS_STRESS,1, 0
RDS_TW_INFO,TW_RECLAIM_ORG,1, 0
RDS_TW_INFO,TW_RECLAIM_CODE,1, 0
RDS_TW_INFO,TW_RECLAIM_CNT,1, 0
RDS_TW_INFO,TW_RECLAIM_CON,1, 0
RDS_TW_INFO,TW_RECLAIM_RES,1, 0
RDS_TW_INFO,TW_RECLAIM_RHO,1, 0
RDS_TW_INFO,TW_RECLAIM_STRESS,1, 0
RDS_TW_INFO,TW_RECLAIM_THICK,1, 0
RDS_TW_INFO,TW_RECLAIM_TOOL,1, 0
RDS_TW_INFO,TW_RECLAIM_TRANS,1, 0
RUN_STAGE,RDS_NO,1, 0
RUN_STAGE,STAGE,1, 0
RUN_STAGE,WFR_CNT,1, 0
RUN_STAGE,TOOL_ID,1, 0
RUN_STAGE,COMMENT,1, 0
RUN_STAGE,COMP_BY,1, 0
RUN_STAGE,COMP_DTM,1, 0
RUN_STAGE,STAGE_BYPASSED,1, 0
RUN_STAGE,ENTER_DTM,1, 0
RUN_STAGE,DEST_TEST,1, 0
RUN_STAGE,GAN_STAGE,1, 0
RUN_STAGE,REACT_TYPE,1, 0
RUN_STAGE,WO_NO,1, 0
NCR_RDS,MV_NO,1, 0
NCR_RDS,SEQ,1, 0
NCR_RDS,RDS_ID,1, 0
NCR_RDS,REACTOR,1, 0
COMPANY_NOTES,MV_NO,1, 0
COMPANY_NOTES,CO_NO,1, 0
COMPANY_NOTES,NOTE,1, 0
PROD_SPEC_SPEC_INFO,SEQ,1, 0
PROD_SPEC_SPEC_INFO,MV_NO,1, 0
PROD_SPEC_SPEC_INFO,SPEC_NUM,1, 0
PROD_SPEC_SPEC_INFO,SPEC_DESC,1, 0
PROD_SPEC_SPEC_INFO,REV_NUM,1, 0
PROD_SPEC_SPEC_INFO,REV_DATE,1, 0
WM_IN,WO_NO,1, 0
WM_IN,PROC_STEP_NO,1, 0
WM_IN,IN_CASS_NO,1, 0
WM_IN,LPD_PRECLEAN,1, 0
WM_IN,LPD_POST_PRECLEAN,1, 0
WM_IN,PRE_PITS,1, 0
WM_IN,PRE_MOUNDS,1, 0
WM_IN,PRE_SCRATCHES,1, 0
WM_IN,PRE_SCRATCH_LEN,1, 0
WM_IN,PRE_SPOTS,1, 0
WM_IN,PRE_FOV,1, 0
WM_IN,PRE_BL_DEFECTS,1, 0
WM_IN,HOLD_ORG,1, 0
WM_IN,HOT_LOT,1, 0
WM_IN,VOID,1, 0
RDS_UNHOLD,SEQ,1, 0
RDS_UNHOLD,MV_NO,1, 0
RDS_UNHOLD,UNHOLD_OPERATOR,1, 0
RDS_UNHOLD,UNHOLD_DATE,1, 0
RDS_UNHOLD,UNHOLD_TIME,1, 0
RDS_UNHOLD,UNHOLD_DESC,1, 0
RUN_STAGE_INV_ACTIONS,RDS_NO,1, 0
RUN_STAGE_INV_ACTIONS,STAGE,1, 0
RUN_STAGE_INV_ACTIONS,MV_NO,1, 0
RUN_STAGE_INV_ACTIONS,SPEC_INV_ACTION,1, 0
RUN_STAGE_INV_ACTIONS,SIA_COMP_BY,1, 0
RUN_STAGE_INV_ACTIONS,SIA_COMP_DTM,1, 0
REACTOR,REACT_NO,1, 0
REACTOR,REACT_TYPE,1, 0
REACTOR,REDUCED_PRESS,1, 0
REACTOR,REACT_ASSIGNMENT,1, 0
REACTOR,TEMP_TYPE,1, 0
REACTOR,REACT_DESC,1, 0
REACTOR,CURR_MODE_KEY,1, 0
REACTOR,HEAVY_DOPE,1, 0
REACTOR,ATV,1, 0
REACTOR,INJECT_TYPE,1, 0
REACTOR,SOS_SENSORS,1, 0
REACTOR,SERIAL_NO,1, 0
REACTOR,MFR_TYPE,1, 0
REACTOR,ASM_MFR_YEAR,1, 0
REACTOR,ARM_TYPE,1, 0
REACTOR,PROCESSOR,1, 0
REACTOR,CONFIG_NOTES,1, 0
REACTOR,EXT_TYPE,1, 0
REACTOR,HTHF,1, 0
REACTOR,LAST_READ_HRS_DTM,1, 0
REACTOR,LAST_READ_CYCLES_DTM,1, 0
REACTOR,WAFER_SIZE,1, 0
REACTOR,SUSC_POCKET_SIZE,1, 0
REACTOR,PICK_PLACE,1, 0
REACTOR,VENDOR,1, 0
REACTOR,LOCATION,1, 0
REACTOR,LOCATIONX,1, 0
REACTOR,TOOL_WH,1, 0
REACTOR,TOOL_LOC,1, 0
REACTOR,AREA,1, 0
REACTOR,SUSC_POCKET_QTY,1, 0
REACTOR,ACTIVE_LL_DISABLED,1, 0
NCR_THICK_READS,MV_NO,1, 0
NCR_THICK_READS,SEQ,1, 0
NCR_THICK_READS,THICK_READ,1, 0
RDS_POCKET,SEQ,1, 0
RDS_POCKET,MV_NO,1, 0
RDS_POCKET,POCKET,1, 0
RDS_POCKET,POCKET_CHAR,1, 0
RDS_POCKET,ZONE,1, 0
RDS_POCKET,IN_CASS_NO,1, 0
RDS_POCKET,IN_SLOT_NO,1, 0
RDS_POCKET,OUT_CASS_NO,1, 0
RDS_POCKET,OUT_SLOT_NO,1, 0
RDS_POCKET,WAFER_CHAR,1, 0
RDS_POCKET,OUT_NCR,1, 0
FISCAL_QTR,FISCAL_YR,1, 0
FISCAL_QTR,FISCAL_QTR,1, 0
FISCAL_QTR,START_DT,1, 0
FISCAL_QTR,END_DT,1, 0
FISCAL_QTR,TOT_DAYS,1, 0
FISCAL_QTR,PLAN_WORKING_DAYS,1, 0
RUN_STAGE_SUSC_LOAD,RDS_NO,1, 0
RUN_STAGE_SUSC_LOAD,STAGE,1, 0
RUN_STAGE_SUSC_LOAD,MV_NO,1, 0
RUN_STAGE_SUSC_LOAD,POCKET,1, 0
RUN_STAGE_SUSC_LOAD,POCKET_CHAR,1, 0
RUN_STAGE_SUSC_LOAD,ZONE,1, 0
RUN_STAGE_SUSC_LOAD,PKT_SAT_ID,1, 0
RUN_STAGE_SUSC_LOAD,WAFER_CHAR,1, 0
RUN_STAGE_SUSC_LOAD,IN_SLOT_ID,1, 0
RUN_STAGE_SUSC_LOAD,IN_WFR_ID,1, 0
RUN_STAGE_SUSC_LOAD,CARR_SLOT_ID,1, 0
RUN_STAGE_SUSC_LOAD,OUT_SLOT_ID,1, 0
RDS_PRE_EPI_SIG_INFO,SEQ,1, 0
RDS_PRE_EPI_SIG_INFO,MV_NO,1, 0
RDS_PRE_EPI_SIG_INFO,PRE_CODE,1, 0
RDS_PRE_EPI_SIG_INFO,PRE_BOAT_ID,1, 0
RDS_PRE_EPI_SIG_INFO,PRE_SRD_NUM,1, 0
RDS_PRE_EPI_SIG_INFO,PRE_EPI_SIG,1, 0
RDS_PRE_EPI_SIG_INFO,PRE_EPI_DATE,1, 0
RDS_PRE_EPI_SIG_INFO,PRE_EPI_TIME,1, 0
FISCAL_QTR_PLAN_IDLE_DTS,FISCAL_YR,1, 0
FISCAL_QTR_PLAN_IDLE_DTS,FISCAL_QTR,1, 0
FISCAL_QTR_PLAN_IDLE_DTS,MV_NO,1, 0
FISCAL_QTR_PLAN_IDLE_DTS,PLAN_IDLE_DTS,1, 0
NCR_RHO_READS,MV_NO,1, 0
NCR_RHO_READS,SEQ,1, 0
NCR_RHO_READS,SHEETRHO_READ,1, 0
WM_IN_SIG_BLOCK,WO_NO,1, 0
WM_IN_SIG_BLOCK,PROC_STEP_NO,1, 0
WM_IN_SIG_BLOCK,IN_CASS_NO,1, 0
WM_IN_SIG_BLOCK,MV_NO,1, 0
WM_IN_SIG_BLOCK,PRE_CODE,1, 0
WM_IN_SIG_BLOCK,PRE_BOAT_ID,1, 0
WM_IN_SIG_BLOCK,PRE_SRD_NO,1, 0
WM_IN_SIG_BLOCK,PRE_EPI_SIG,1, 0
WM_IN_SIG_BLOCK,PRE_EPI_SIG_NAME,1, 0
WM_IN_SIG_BLOCK,PRE_EPI_SIG_DTM,1, 0
TW_USE_WAFER_IDS,MET_NO,1, 0
TW_USE_WAFER_IDS,TW_NO,1, 0
TW_USE_WAFER_IDS,MV_NO,1, 0
TW_USE_WAFER_IDS,WAFER_ID,1, 0
RDS_LAYER_RDS_TEST_KEYS,RDS_NO,1, 0
RDS_LAYER_RDS_TEST_KEYS,LS_ID,1, 0
RDS_LAYER_RDS_TEST_KEYS,MV_NO,1, 0
RDS_LAYER_RDS_TEST_KEYS,RDS_TEST_KEYS,1, 0
RDS_LAYER_RDS_TEST_KEYS,TEST_ZONE,1, 0
RDS_LAYER_RDS_TEST_KEYS,TEST_THICK_AVG,1, 0
RDS_LAYER_RDS_TEST_KEYS,TEST_THICK_STDV,1, 0
RDS_LAYER_RDS_TEST_KEYS,TEST_RES_AVG,1, 0
RDS_LAYER_RDS_TEST_KEYS,TEST_RES_STDV,1, 0
RDS_LAYER_RDS_TEST_KEYS,TEST_SPEC_RES_UNITS,1, 0
RDS_LAYER_RDS_TEST_KEYS,TEST_OUT_OF_SPEC,1, 0
RDS_MOD_INFO,SEQ,1, 0
RDS_MOD_INFO,MV_NO,1, 0
RDS_MOD_INFO,MOD_ID,1, 0
RDS_MOD_INFO,MOD_DATE,1, 0
REACTOR_MFC,REACT_NO,1, 0
REACTOR_MFC,MV_NO,1, 0
REACTOR_MFC,MFC_LOC,1, 0
REACTOR_MFC,MFC_SERIAL,1, 0
REACTOR_MFC,MFC_LOC_PN,1, 0
RUN_STAGE_CARRIER,RDS_NO,1, 0
RUN_STAGE_CARRIER,STAGE,1, 0
RUN_STAGE_CARRIER,MV_NO,1, 0
RUN_STAGE_CARRIER,CARR_SLOT_NO,1, 0
RUN_STAGE_CARRIER,CARR_WFR_ID,1, 0
RUN_STAGE_CARRIER,CARR_SCRIBE,1, 0
RECIPE_LIMIT,SEQ,1, 0
RECIPE_LIMIT,MV_NO,1, 0
RECIPE_LIMIT,PROD_SPEC_IDS,1, 0
RECIPE_LIMIT,DEP_TIME_MIN,1, 0
RECIPE_LIMIT,DEP_TIME_MAX,1, 0
RECIPE_LIMIT,DOPANT_FLOW_MIN,1, 0
RECIPE_LIMIT,DOPANT_FLOW_MAX,1, 0
RECIPE_LIMIT,BAKE_TIME_MAX,1, 0
RECIPE_LIMIT,H2_FLOW_MIN,1, 0
RECIPE_LIMIT,H2_FLOW_MAX,1, 0
RECIPE_LIMIT,DCS_FLOW_MIN,1, 0
RECIPE_LIMIT,DCS_FLOW_MAX,1, 0
RECIPE_LIMIT,AUX1_MIN,1, 0
RECIPE_LIMIT,AUX1_MAX,1, 0
RECIPE_LIMIT,AUX2_MIN,1, 0
RECIPE_LIMIT,AUX2_MAX,1, 0
RECIPE_LIMIT,F_OFFSET_MIN,1, 0
RECIPE_LIMIT,F_OFFSET_MAX,1, 0
RECIPE_LIMIT,S_OFFSET_MIN,1, 0
RECIPE_LIMIT,S_OFFSET_MAX,1, 0
RECIPE_LIMIT,R_OFFSET_MIN,1, 0
RECIPE_LIMIT,R_OFFSET_MAX,1, 0
RECIPE_LIMIT,BAKE_TIME_MIN,1, 0
RECIPE_LIMIT,DILUENT_MIN,1, 0
RECIPE_LIMIT,DILUENT_MAX,1, 0
RECIPE_LIMIT,HCL_FLOW_MIN,1, 0
RECIPE_LIMIT,HCL_FLOW_MAX,1, 0
RECIPE_LIMIT,TCS_FLOW_MIN,1, 0
RECIPE_LIMIT,TCS_FLOW_MAX,1, 0
RECIPE_LIMIT,ETCH1_MIN,1, 0
RECIPE_LIMIT,ETCH1_MAX,1, 0
RECIPE_LIMIT,ETCH2_MIN,1, 0
RECIPE_LIMIT,ETCH2_MAX,1, 0
RECIPE_LIMIT,ETCH3_MIN,1, 0
RECIPE_LIMIT,ETCH3_MAX,1, 0
NCR_TREJ_CNTS,MV_NO,1, 0
NCR_TREJ_CNTS,SEQ,1, 0
NCR_TREJ_CNTS,TREJ_CNT,1, 0
WM_IN_HOLD_HISTORY,WO_NO,1, 0
WM_IN_HOLD_HISTORY,PROC_STEP_NO,1, 0
WM_IN_HOLD_HISTORY,IN_CASS_NO,1, 0
WM_IN_HOLD_HISTORY,MV_NO,1, 0
WM_IN_HOLD_HISTORY,HOLD_START_DTM,1, 0
WM_IN_HOLD_HISTORY,HOLD_START_USER,1, 0
WM_IN_HOLD_HISTORY,HOLD_START_REASON,1, 0
WM_IN_HOLD_HISTORY,HOLD_STOP_DTM,1, 0
WM_IN_HOLD_HISTORY,HOLD_STOP_USER,1, 0
WM_IN_HOLD_HISTORY,HOLD_STOP_REASON,1, 0
RUN_STAGE_WFR_QIN_WFR_ID,RDS_NO,1, 0
RUN_STAGE_WFR_QIN_WFR_ID,STAGE,1, 0
RUN_STAGE_WFR_QIN_WFR_ID,WFR_ID,1, 0
RUN_STAGE_WFR_QIN_WFR_ID,MV_NO,1, 0
RUN_STAGE_WFR_QIN_WFR_ID,QIN_WFR_ID,1, 0
TW_USE,MET_NO,1, 0
TW_USE,TW_NO,1, 0
TW_USE,TW_QTY,1, 0
TW_USE,TW_USE_CODE,1, 0
TW_USE,DESC,1, 0
TW_USE,TOOL,1, 0
TW_USE,TW_TYPE,1, 0
TW_USE,SIGNATURE,1, 0
TW_USE,SIG_DTM,1, 0
TW_USE,HRS_SINCE_PROD,1, 0
TW_USE,HRS_ESC,1, 0
TW_USE,CUST_TW_PART_NO,1, 0
TW_USE,CUST_NAME,1, 0
TW_USE,CUST_NO,1, 0
TW_USE,LS_ID,1, 0
TW_USE,PS_NO,1, 0
TW_USE,RDS_NO,1, 0
TW_USE,REACTOR,1, 0
TW_USE,REACT_TYPE,1, 0
TW_USE,SIG_DT,1, 0
TW_USE,SPEC_TYPE,1, 0
TW_USE,SUB_WFR_ORIENT,1, 0
TW_USE,SUB_WFR_TYPE,1, 0
TW_USE,TW_CLASS,1, 0
TW_USE,TW_TYPE_DESC,1, 0
TW_USE,TW_USE_DESC,1, 0
TW_USE,WFR_SIZE,1, 0
TW_USE,WO_NO,1, 0
TW_USE,ZONE,1, 0
RECIPE_LAYER,SEQ,1, 0
RECIPE_LAYER,MV_NO,1, 0
RECIPE_LAYER,LAYER_INFO,1, 0
CLEAN_INSP_CLEAN_RESULTS,CI_NO,1, 0
CLEAN_INSP_CLEAN_RESULTS,MV_NO,1, 0
CLEAN_INSP_CLEAN_RESULTS,CLEAN_TOOL,1, 0
CLEAN_INSP_CLEAN_RESULTS,CLEAN_BOAT_ID,1, 0
CLEAN_INSP_CLEAN_RESULTS,CLEAN_SRD_NO,1, 0
CLEAN_INSP_CLEAN_RESULTS,CLEAN_SIG,1, 0
CLEAN_INSP_CLEAN_RESULTS,CLEAN_SIG_DTM,1, 0
CLEAN_INSP_CLEAN_RESULTS,CASS_ID_SAP,1, 0
WM_IN_SLOT_NO,WO_NO,1, 0
WM_IN_SLOT_NO,PROC_STEP_NO,1, 0
WM_IN_SLOT_NO,IN_CASS_NO,1, 0
WM_IN_SLOT_NO,MV_NO,1, 0
WM_IN_SLOT_NO,SLOT_NO,1, 0
WM_IN_SLOT_NO,RDS_NO,1, 0
WM_IN_SLOT_NO,RDS_CURR_STATUS,1, 0
WM_IN_SLOT_NO,POCKET_NO,1, 0
WM_IN_SLOT_NO,ZONE,1, 0
WM_IN_SLOT_NO,SLOT_MET_NO,1, 0
WM_IN_SLOT_NO,SLOT_NCR,1, 0
